_id,name,brand,product_category,image_url,product_url,ingredients
d02e6b69-a236-4c33-bb07-97f255cb66a5,Turn Up the Base Butter Silk Concealer,ONE/SIZE by Patrick Starrr,Concealer,https://www.sephora.com/productimages/sku/s2472116-main-zoom.jpg?imwidth=465,https://www.sephora.com/product/one-size-by-patrick-starrr-turn-up-base-buttersilk-concealer-P473741,"['Water (Aqua/Eau)', 'Isododecane', 'Dimethicone', 'Phenyl Trimethicone', 'Polysilicone-11', 'Cetyl PEG/PPG-10/1 Dimethicone', 'Glycerin', 'Sorbitan Isostearate', 'Dimethicone/Vinyl Dimethicone Crosspolymer', 'Sodium Potassium Aluminum Silicate', 'Sodium Chloride', 'Trimethylsiloxysilicate', 'Phenoxyethanol', 'Triethoxycaprylylsilane', 'Polymethyl Methacrylate', 'Butyrospermum Parkii (Shea) Butter', 'Potassium Sorbate', 'Sodium Dehydroacetate', 'Disteardimonium Hectorite', 'Alumina', 'Silica', 'Propylene Carbonate', 'Laureth-12', 'Dimethiconol', 'Caffeine', 'Citric Acid', 'Mangifera Indica (Mango) Seed Butter', 'Persea Gratissima (Avocado) Oil', 'Hydrolyzed Vegetable Protein']"
13b92b1f-de9b-4587-b984-3e0e04162d42,H2Eau - Musk Noir Eau de Parfum,CLEAN RESERVE,Perfume,https://www.sephora.com/productimages/sku/s2731701-main-zoom.jpg?imwidth=465,https://www.sephora.com/product/clean-reserve-h2eau-musk-noir-eau-de-parfum-P509526,"['Ingredients/IngrÃ©dients: Aqua/Water/Eau', 'Isopropylideneglycerol', 'Parfum/Fragrance*', 'Caprylyl/Capryl Glucoside', 'Diethylhexyl Sodium Sulfosuccinate', 'Butylene Glycol', 'Sodium\nBenzoate', 'Benzyl Salicylate', 'Coumarin', 'Linalool', 'Benzyl Alcohol', 'Hexyl Cinnamal', 'Hydroxycitronellal', 'Cinnamyl Alcohol', 'Limonene', 'Benzyl Cinnamate', 'Cinnamal\n*Fragrance Ingredients Greater Than 0']"
35828c68-b3c1-438e-96a4-2579e8a5d48d,KateCeuticals&reg; Lifting Eye Cream,Kate Somerville,Eye Creams & Treatments,https://www.sephora.com/productimages/sku/s2446953-main-zoom.jpg?imwidth=465,https://www.sephora.com/product/kate-somerville-kateceuticals-lifting-eye-cream-P469111,"['Aqua/Water/Eau', 'Glycerin', 'Propanediol', 'Coco-Caprylate/Caprate', 'Cocoglycerides', 'Butyrospermum Parkii (Shea) Butter', 'Stearyl Heptanoate', 'Pentaerythrityl Distearate', 'Squalane', 'Triheptanoin', 'Potassium Cetyl Phosphate', 'Stearyl Alcohol', 'Stearyl Caprylate', '1', '2-Hexanediol', 'Glyceryl Stearate Citrate', 'Tetrahexyldecyl Ascorbate', 'Palmitoyl Tripeptide-5', 'Palmitoyl Hexapeptide-12', 'Morus Alba Leaf Extract', 'Undaria Pinnatifida Extract', 'Hydrolyzed Hyaluronic Acid', 'Adenosine', 'Ceramide NG', 'Phytosterols', 'Faex/Yeast Extract/Extrait de Levure', 'Withania Somnifera Root Extract', 'Soy Amino Acids', ""Hordeum Vulgare/Hordeum Vulgare Extract/Extrait d'Orge"", 'Hydrolyzed Soy Protein', 'Cucumis Sativus (Cucumber) Seed Extract', 'Corallina Officinalis Extract', 'Helianthus Annuus (Sunflower) Seed Oil', 'Dipeptide Diaminobutyroyl Benzylamide Diacetate', 'C12-15 Alkyl Benzoate', 'Carthamus Tinctorius (Safflower) Seed Oil', 'Dilinoleic Acid/Butanediol Copolymer', 'Castor Oil/IPDI Copolymer', 'PEG-10 Phytosterol', 'Ammonium Acryloyldimethyltaurate/VP Copolymer', 'Tocopheryl Acetate', 'Behenyl Alcohol', 'Tribehenin', 'Potassium Sorbate', 'Sodium Benzoate', 'Lactic Acid', 'Citric Acid', 'Disodium EDTA', 'Ethylhexylglycerin', 'Phenoxyethanol']"
8b136ca2-787b-4ee9-9e22-eae4a701beab,MADIE Eau de Parfum Travel Spray,By Rosie Jane,Rollerballs & Travel Size,https://www.sephora.com/productimages/sku/s2319549-main-zoom.jpg?imwidth=465,https://www.sephora.com/product/by-rosie-jane-madie-travel-spray-P459402,"['Cane Sugar Alcohol', 'Distilled Water', 'Amyl Cinnamal', 'Benzyl Acetate', 'Citronellol', 'Ethylene Brassylate', 'Geraniol', 'Hexyl Cinnamal', 'Benzyl Salicylate', 'Camphor', 'Dipropylene Glycol', 'Ethyl 2', '2-Dimethyhydrocinnamal (Ozone Propanal)', 'Eugenia Caryophyllus (Clove) Oil', 'Geranyl Acetate', 'Hydroxycitronellal', 'Isopropyl Myristate', 'Lavandula Oil', 'Linalool', 'Linalyl Acetate', 'Methyl Anthranilate', 'Methyl Dihydroxy-Dimethybenzoate (Atraric Acid/Veramoss)', 'Methylbenzodixepinone', 'Methylcyclopentadecenone (Delta-Muscenone)', 'Methylenedioxyphenyl Methylpropanal (Ocean Propanal)', 'Phenethyl Alcohol', 'Terpineol Alpha', 'Tetrahydro-Methylpropyl)-Pyran-4-Ol']"
09d3cbd4-0839-43da-82f3-c87cce592379,Heavy Metal Glitter Eyeliner - Sparkle Out Loud Collection,Urban Decay,Eyeliner,https://www.sephora.com/productimages/sku/s2234680-main-zoom.jpg?imwidth=465,https://www.sephora.com/product/heavy-metal-glitter-eyeliner-sparkle-out-loud-collection-P446821,"['Water', 'Polyethylene Terephthalate', 'Calcium Sodium Borosilicate', 'Propylene Glycol', 'Glycerin', 'PVP', 'Acrylates Copolymer', 'Phenoxyethanol', 'Caprylyl Glycol', 'PVM/MA Decadiene Crosspolymer', 'Synthetic Fluorphlogopite', 'Polyurethane-11', 'Polybutylene Terephthalate', 'Silica', 'Sodium Hydroxide', 'Disodium EDTA', 'Ethylene/VA Copolymer', 'Calcium Aluminum Borosilicate', 'Prunus Persica Fruit Extract / Peach Fruit Extract', 'Cucumis Sativus Fruit Extract / Cucumber Fruit Extract', 'Daucus Carota Sativa Root Extract / Carrot Root Extract', 'Tin Oxide', 'Polyurethane-33']"
2a45a3aa-ee4f-4586-a79b-fc651a4e3572,Mini Chlorella + Reishi™ Sea Vitamin C Sérum,MARA,Face Serums,https://www.sephora.com/productimages/sku/s2742260-main-zoom.jpg?imwidth=465,https://www.sephora.com/product/mara-mini-chlorella-reishi-sea-vitamin-c-serum-P510809,"['Caprylic/Capric Triglyceride', 'Helianthus Annuus (Sunflower) Seed Oil', 'Tetrahexyldecyl Ascorbate', 'Squalane', 'Passiflora Edulis Seed Oil', 'Moringa Oleifera Seed Oil', 'Algae Extract', 'Limonium Gerberi Extract', 'Crambe Maritima Leaf Extract', 'Aster Tripolium (Sea Starwort Oil) Extract', 'Ganoderma Lucidum (Reishi) Extract', 'Chlorella Vulgaris (Dermochlorella Algae) Extract', 'Panax Ginseng (Ginseng) Root Extract', 'Citrus Aurantifolia (Lime) Seed Oil', 'Fragaria Ananassa (Strawberry) Seed Oil', 'Curcuma Longa (Turmeric) Root Oil', 'Tocopherol', 'Ribes Nigrum (Blackcurrant) Seed Oil', 'Silybum Marianum Seed Oil', 'Thymus Vulgaris (Common Thyme) Extract', 'Psidium Guajava (Guava) Fruit Extract', 'Citrus Paradisi (Grapefruit) Fruit Extract', 'Petroselinum Crispum (Parsley) Leaf Extract', 'Terminalia Ferdinandiana (Kakadu Plum) Fruit Extract', 'Actinidia Chinensis (Kiwi) Fruit Extract', 'Chondrus Crispus (Carrageenan) Extract', 'Carica Papaya (Papaya) Fruit Extract', 'Simmondsia Chinensis (Jojoba) Seed Oil', 'Isosorbide Dicaprylate', 'Citrus Aurantium Bergamia (Bergamot) Fruit Oil', 'Limonene', 'Linalool']"
4fdda13a-b65c-40ae-ab5b-cacf4473ea79,7 Day Face Scrub Cream Rinse-Off Formula,CLINIQUE,Exfoliators,https://www.sephora.com/productimages/sku/s47936-main-zoom.jpg?imwidth=465,https://www.sephora.com/product/7-day-scrub-cream-rinse-off-formula-P122661,"['Water', 'Tridecyl Stearate', 'Tridecyl Trimellitate', 'Dipentaerythrityl Hexacaprylate/Hexacaprate', 'Butylene Glycol', 'Glyceryl Stearate', 'Cocos Nucifera (Coconut) Oil', 'Caprylic/Capric Triglyceride', 'Silica', 'Cetearyl Alcohol', 'Ceteareth-20', 'Sorbitol', 'Hexyldecyl Stearate', 'Bisabolol', 'Disodium Cocoamphodipropionate', 'Triethanolamine', 'Oleth-10 Phosphate', 'Caprylyl Glycol', '1', '2-Hexanediol', 'Stearyl Alcohol', 'Carbomer', 'Disodium Edta', 'Phenoxyethanol', 'Potassium Sorbate', 'Chlorphenesin']"
c5ff3b1c-1d0e-41c7-9408-84a7280d1dd4,Ferulic Brew Facial Treatment Essence with Lactic Acid,Kiehl's Since 1851,Mists & Essences,https://www.sephora.com/productimages/sku/s2457356-main-zoom.jpg?imwidth=465,https://www.sephora.com/product/kiehls-ferulic-brew-facial-treatment-essence-with-lactic-acid-P472472,"['Aqua/Water', 'Arginine', 'Saccharomyces/Rice Ferment Filtrate', 'Dicaprylyl Ether', 'Glycerin', 'Pentylene Glycol', 'Lactic Acid', 'Propanediol', 'Squalane', 'Butylene Glycol', 'Sodium Chloride', 'Tocopherol', 'Ascorbyl Glucoside', 'Salicylic Acid', 'Ferulic Acid', 'Caramel', 'Adenosine', 'Lavandula Hybrida Oil', 'Helianthus Annuus Seed Oil/Sunflower Seed Oil', 'Cupressus Sempervirens Leaf/Nut/Stem Oil', 'Anthemis Nobilis Flower Oil', 'Linalool', 'Pelargonium Graveolens Flower Oil', 'Brassica Campestris Extract/Rapeseed Extract', 'Brassica Campestris Sprout Extract/Rapeseed Sprout Extract', 'Mentha Piperita Oil/Peppermint Oil', 'Sodium Hyaluronate', 'Citronellol', 'Geraniol', 'Limonene', 'Origanum Majorana Leaf Oil']"
7b2d5138-839a-4e5c-8f63-a0022530f53a,Color Care Conditioner,Moroccanoil,Conditioner,https://www.sephora.com/productimages/sku/s2654523-main-zoom.jpg?imwidth=465,https://www.sephora.com/product/moroccanoil-color-care-conditioner-P504824,"['Aqua/Water/Eau', 'Cetearyl Alcohol', 'PEG/PPG-20/20 Phenylisopropyl Caprylyl Dimethicone', 'Cetyl Alcohol', 'Stearamidopropyl Dimethylamine', 'Behentrimonium Chloride', 'Quaternium-91', 'Argania Spinosa (Argan) Kernel Oil', 'Helianthus Annuus (Sunflower) Seed Oil', 'Parfum/Fragrance', 'Pyrus Malus (Apple) Fruit Extract', 'Punica Granatum (Pomegranate) Fruit Extract', 'Prunus Armeniaca (Apricot) Kernel Oil', 'Glycerin', 'PPG-3 Benzyl Ether Myristate', 'Isopropyl Alcohol', 'Panthenol', 'Quaternium-95', 'Caprylic/Capric Triglyceride', 'Hydroxyacetophenone', 'Caprylyl Glycol', 'Chitosan', 'Guar Hydroxypropyltrimonium Chloride', 'Citric Acid', 'EDTA', 'PEG-12 Allyl Ether', 'PEG-12 Dimethicone', 'Amodimethicone/Morpholinomethyl Silsesquioxane Copolymer', 'Trideceth-5', 'Silica Dimethyl Silylate', 'Algin', 'Pentaerythrityl Tetra-Di-T-Butyl Hydroxyhydrocinnamate', 'Chlorphenesin', 'C12-13 Pareth-9', 'Propanediol', 'Sodium Benzoate', 'Potassium Sorbate', 'Phenoxyethanol', 'Sorbic Acid']"
3d253395-5359-459f-828c-e63c7f98a291,Paper Expressive Eau de Parfum,Commodity,Perfume,https://www.sephora.com/productimages/sku/s2616092-main-zoom.jpg?imwidth=465,https://www.sephora.com/product/paper-expressive-P502340,[]
cd04826a-d99e-4f61-92c8-effa147094fd,All Nighter Waterproof Setting Powder,Urban Decay,Setting Spray & Powder,https://www.sephora.com/productimages/sku/s2081404-main-zoom.jpg?imwidth=465,https://www.sephora.com/product/all-nighter-waterproof-setting-powder-P431455,"['Dimethicone', 'Nylon-12', 'Silica', 'Zinc Stearate', 'HDI/Trimethylol Hexyllactone Crosspolymer', 'Dimethiconol', 'Magnesium Myristate', 'Potassium Sorbate', 'Caprylyl Glycol', 'Phenoxyethanol', 'Lauroyl Lysine', 'Hexylene Glycol']"
fc252399-bc35-42cd-b222-aa30fc08640b,Intense Matte Lip + Cheek Pencil,NUDESTIX,Lipstick,https://www.sephora.com/productimages/sku/s1783794-main-zoom.jpg?imwidth=465,https://www.sephora.com/product/intense-matte-lip-cheek-pencil-P405290,"['Dimethicone', 'Diisostearyl Malate', 'Synthetic Wax', 'Distarch Phosphate', 'Polybutene', 'Dimethicone/Vinyl Dimethicone Crosspolymer', 'Caprylyl Methicone', 'Dimethylimidazolidinone Rice Starch', 'Glyceryl Caprylate', 'Pentaerythrityl Tetra-Di-T-Butyl Hydroxyhydrocinnamate', 'Silica', 'Isoceteth-10']"
74845406-8fe9-40ea-b8b8-2beb224ed70e,Curl Wow COCO-MOTION Lubricating Conditioner,COLOR WOW,Conditioner,https://www.sephora.com/productimages/sku/s2592335-main-zoom.jpg?imwidth=465,https://www.sephora.com/product/curl-wow-coco-motion-lubricating-conditioner-P502281,"['Water/Aqua', 'Butylene Glycol', 'Stearyl Alcohol', 'Cetyl Alcohol', 'Ppg-3 Benzyl Ether Myristate', 'Cocos Nucifera (Coconut) Oil', 'Stearamidopropyl Dimethylamine', 'Coco-Caprylate/Caprate', 'Bis-(Isostearoyl/Oleoyl Isopropyl) Dimonium Methosulfate', 'Oryza Sativa (Rice) Bran Oil', 'C12-15 Alkyl Benzoate', 'Behentrimonium Methosulfate', 'Astrocaryum Murumuru Seed Butter', 'Cetearyl Alcohol', 'Polyquaternium-37', 'Sclerocarya Birrea Seed Oil', 'Dimer Dilinoleyl Dimer Dilinoleate', 'Glycerin', 'Phenoxyethanol', 'Citric Acid', 'Ceteareth-20', 'Caprylyl Glycol', 'Propylene Glycol Dicaprylate/Dicaprate', 'Fragrance/Parfum', 'Panthenol', 'Polyquaternium-7', 'Ppg-1 Trideceth-6', 'C10-40 Isoalkylamidopropylethyldimonium Ethosulfate', 'Disodium Edta', 'Sodium Benzoate', 'Dipropylene Glycol', 'Quaternium-33']"
5217f0fc-634a-446d-a02f-8eb8853478d7,Mini Lapis Blue Tansy Face Oil - For Oily & Acne-Prone Skin,Herbivore,Face Oils,https://www.sephora.com/productimages/sku/s2469062-main-zoom.jpg?imwidth=465,https://www.sephora.com/product/herbivore-botanicals-mini-lapis-blue-tansy-face-oil-for-oily-acne-prone-skin-P479904,"['Squalane', 'Simmondsia Chinensis (Jojoba) Seed Oil', 'Caprylic/Capric Triglyceride', 'Aleurites Moluccanus Seed Oil', 'Tocopherol', 'Tanacetum Annuum Flower Oil', 'Jasminum Sambac (Jasmine) Flower Extract', 'Rosa Damascena Flower Extract']"
e0425ac0-f1d4-4903-a479-bf6b40d3bbb0,GRO Hair Serum for Thinning Hair,Vegamour,Hair Thinning & Hair Loss,https://www.sephora.com/productimages/sku/s2473064-main-zoom.jpg?imwidth=465,https://www.sephora.com/product/vegamour-gro-hair-serum-for-thinning-hair-P473007,"['Polyglyceryl-10 Laurate', 'Caffeine', 'Curcuma Longa (Turmeric) Callus Conditioned Media', 'Citrus Bergamia Peel Oil Expressed', 'Sodium Phytate', 'Pentylene Glycol', 'Limonene', 'Citric Acid', '(Trifolium Pratense (Clover)/Vigna Radiata) Sprout Extract', 'Sodium Benzoate', 'Linalool', 'Lactic Acid', 'Potassium Sorbate', 'Sodium Hydroxide', 'Biotin', 'Alcohol', 'Phytic Acid', 'Citral', 'Oligopeptide-2', 'GlycoproteinsThe list of ingredients is subject to change', 'please consult the packaging of the product purchased']"
966d15b9-b4af-480b-adbc-d2b7ba71e116,Curl Moisturizing Shampoo,Bumble and bumble,Shampoo,https://www.sephora.com/productimages/sku/s2319697-main-zoom.jpg?imwidth=465,https://www.sephora.com/product/bumble-bumble-curl-moisturizing-shampoo-P462834,"['Water\\Aqua\\Eau', 'Sodium Cocoyl Isethionate', 'Sodium Lauroyl Sarcosinate', 'Sodium Lauryl Sulfoacetate', 'Laureth-23', 'Coco-Betaine', 'Propanediol', 'Glycol Distearate', 'PEG-150 Distearate', 'Acrylates Copolymer', 'Sodium Methyl Cocoyl Taurate', 'Persea Gratissima (Avocado) Oil', 'Cocos Nucifera (Coconut) Oil', 'Simmondsia Chinensis (Jojoba) Seed Oil', 'Theobroma Cacao (Cocoa) Seed Butter', 'Butyrospermum Parkii (Shea) Butter', 'Tocopherol', 'Glycereth-26', 'Sodium PCA', 'Pantethine', 'Panthenyl Ethyl Ether', 'Sodium Hyaluronate', 'Octyldodecyl Citrate Crosspolymer', 'Decyl Glucoside', 'Polyquaternium-10', 'Polyquaternium-7', 'Butyl Methoxydibenzoylmethane', 'Ethylhexyl Salicylate', 'Ethylhexyl Methoxycinnamate', 'Citric Acid', 'Sodium Hydroxide', 'Butylene Glycol', 'Sodium Chloride', 'BHT', 'Fragrance (Parfum)', 'Limonene', 'Linalool', 'Sodium Benzoate', 'Potassium Sorbate', 'Phenoxyethanol &lt;ILN49238&gt;Please be aware that ingredient lists may change or vary from time to time']"
4ae9a740-ca91-4dda-8b83-b2cf5e51e14c,Futurist Skin Tint Serum Foundation SPF 20 with Glycerin,Est&#233;e Lauder,Foundation,https://www.sephora.com/productimages/sku/s2708774-main-zoom.jpg?imwidth=465,https://www.sephora.com/product/futurist-skin-tint-serum-foundation-spf-20-P508183,"['8%', 'Water/Aqua/Eau', 'Trimethylolpropane Tricaprylate/Tricaprate', 'Glycerin', 'Butylene Glycol', 'Butyloctyl Salicylate', 'Caprylic/Capric Triglyceride', 'Silica', 'Polyglyceryl-10 Oleate', 'Bentonite', 'Saccharide Isomerate', 'Tocopheryl Acetate', 'Acetyl Glucosamine', 'Limnanthes Alba (Meadowfoam) Seed Oil', 'Glyceryl Hydrogenated Rosinate', 'Rosa Canina (Rose) Fruit Oil', 'Molasses Extract/Saccharum Officinarum/Extrait De Melasse', 'Yeast Extract/Faex/Extrait De Levure', 'Glycine Soja (Soybean) Oil', 'Propylene Glycol Dicaprate', 'Helianthus Annuus (Sunflower) Seed Extract', 'Glycine Soja (Soybean) Seed Extract', ""Hordeum Vulgare Extract/Extrait D'Orge"", 'Calendula Officinalis Flower Extract', 'Cucumis Sativus (Cucumber) Fruit Extract', 'Caprylyl Glycol', 'Cholesterol', 'Sodium Stearoyl Glutamate', 'Algin', 'Xanthan Gum', 'Sodium Chloride', 'Aluminum Hydroxide', 'Polyhydroxystearic Acid', 'BHT', 'Citric Acid', 'Sodium Citrate', 'Potassium Sorbate', 'Phenoxyethanol', '[+/- Titanium Dioxide (CI 77891)', 'Iron Oxides (CI 77491)', 'Iron Oxides (CI 77492)', 'Iron Oxides (CI 77499)]']"
2c60ed47-0127-45f4-914d-890d132f4f12,Precision Dual Ended Sculpting Brush,PATRICK TA,Face Brushes,https://www.sephora.com/productimages/sku/s2658045-main-zoom.jpg?imwidth=465,https://www.sephora.com/product/precision-dual-ended-sculpting-brush-P504918,"['Cruelty-Free', 'Vegan', 'Synthetic Bristles / Fibers']"
826fb088-d1ab-42e7-b813-a2ee5f5170a5,Moisturizing Vegan Body Butter,Caudalie,Body Lotions & Body Oils,https://www.sephora.com/productimages/sku/s2534428-main-zoom.jpg?imwidth=465,https://www.sephora.com/product/caudalie-moisturizing-vegan-body-butter-P481386,"['Aqua/Water/Eau', 'Butyrospermum Parkii (Shea) Butter Extract', 'Glycerin', 'Coco-Caprylate/Caprate', 'Vitis Vinifera (Grape) Seed Oil', 'C10-18 Triglycerides', 'Hexyldecyl Stearate', 'Isocetyl Stearate', 'Octyldodecyl Myristate', 'Sucrose Distearate', 'Sucrose Stearate', 'Balanites Roxburghii Seed Oil', 'Prunus Amygdalus Dulcis (Sweet Almond) Oil', 'Saccharide Isomerate', 'Polyacrylate Crosspolymer-6', 'Caprylyl Glycol', 'Ethylhexylglycerin', 'Potassium Sorbate', 'Xanthan Gum', 'Tocopherol', 'Helianthus Annuus (Sunflower) Seed Oil', 'Sodium Phytate', 'Citric Acid', 'Sodium Citrate', 'Parfum (Fragrance)']"
8fa1cee0-08a6-4d61-86fc-efd25103e65f,"Bond Repair Custom Conditioner Mask for Curly, Damaged Hair",Function of Beauty PRO,Conditioner,https://www.sephora.com/productimages/sku/s2706570-main-zoom.jpg?imwidth=465,https://www.sephora.com/product/function-of-beauty-pro-custom-recovery-conditioner-mask-for-curly-damaged-hair-P507576,"['Water (Aqua)', 'Cetearyl Alcohol', 'C13-15 Alkane', 'Cetyl Alcohol', 'Cocos Nucifera (Coconut) Oil', 'Dimethicone', 'Isopentydiol', 'Arachidyl/Behenyl Alcohol', 'Cetyl Esters', 'Quaternium-37', 'Glyceryl Ricinoleate', 'Fragrance (Parfum)', 'Raphanus Sativus (Radish) Extract', 'Mangifera Indica (Mango) Seed Butter', 'Arginine', 'Panthenol (Provitamin B5)', 'Ricinus Communis (Castor) Seed Oil', 'Linum Usitatissimum (Linseed) Seed Extract', 'Salvia Hispanica (Chia) Seed Extract', 'Helianthus Annuus (Sunflower) Seed Oil', 'Rosmarinus Officinalis (Rosemary) Leaf Extract', 'Aspartic Acid', 'Pca', 'Glycine', 'Serine', 'Valine', 'Isoleucine', 'Proline', 'Threonine', 'Benzyl Alcohol', 'Behentrimonium Chloride', 'Amodimethicone', 'Aracchidyl/Behenyl Betainate Esylate', 'Polyquaternium-73', 'Propylene Glycol Dicaprylate/Dicaprate', 'Peg-100 Stearate', 'Propylene Glycol', 'Glyceryl Distearate', 'Glyceryl Monostearate', 'Itaconic Acid', 'Ppg-1 Trideceth-6', 'Disodium Edta', 'Ethylhexylglycerin', 'Polyglyceryl-10 Laurate', 'Glycerin', 'Propanediol', 'Acrylates/Stearyl Methacrylate Copolymer', 'Sodium Pca', 'Sorbitan Oleate', 'Isopropyl Alcohol', 'Sodium Lactate', 'Citric Acid', 'Caprylic Acid', 'Xylitol', 'Aminomethyl Propanol', 'Tocopherol', 'Alanine', 'Tetrasodium Edta', 'Histidine', 'Phenylalanine', 'Benzyl Salicylate', 'Citronellol', 'Geraniol', 'Linalool']"
199f61a1-82f1-480d-a63a-ba8357d4f37c,Vanilla Sky Hair and Body Mist,SKYLAR,Body Mist & Hair Mist,https://www.sephora.com/productimages/sku/s2693182-main-zoom.jpg?imwidth=465,https://www.sephora.com/product/vanilla-sky-hair-body-mist-P508235,"['Organic sugar cane alcohol', 'Aqua/Water', '1', '3-Benzodioxole-5-carboxaldehyde', '1', '4-Dioxacycloheptadecane-5', '17-dione', '1', '6-Nonadien-3-ol', '3', '7-dimethyl', '1-Propanol', '2-[1-(3', '3-dimethyl-cyclohexyl)ethoxy]-2-methyl-', 'propanoate', '2(3H)-Furanone', 'dihydro-5-pentyl', '2H-Pyran-2-one', '6-heptyltetrahydro', '2h-Pyran-4-ol', 'tetrahydro-4-methyl-2-(2-methylpropyl)', '3-Cyclopentene-1-butanol']"
43569480-94ca-4cda-9ea9-bde48baa70c4,KUSH Waterproof Mascara,MILK MAKEUP,Mascara,https://www.sephora.com/productimages/sku/s2203826-main-zoom.jpg?imwidth=465,https://www.sephora.com/product/kush-waterproof-mascara-P443307,"['Water', 'Copernicia Cerifera (Carnauba) Wax', 'Glyceryl Stearate', 'Ozokerite', 'Microcrystalline Wax/Cera Microcristallina', 'Stearic Acid', 'Acrylates Copolymer', 'Hydrogenated Vegetable Oil', 'Palmitic Acid', 'Stearyl Stearate', 'Butylene Glycol', 'Aminomethyl Propanol', 'Ricinus Communis (Castor) Seed Oil', 'Phenoxyethanol', 'Caprylyl Glycol', 'Galactoarabinan', 'Sodium Dehydroacetate', 'Nylon-6', 'Papaver Somniferum Seed Oil', 'Cannabis Sativa Seed Oil', 'Glycerin', 'Helianthus Annuus (Sunflower) Seed Oil', 'Lecithin', 'Dipteryx Odorata Seed Extract', 'Theobroma Grandiflorum Seed Butter', 'Tocopherol', 'Silica', 'Ascorbyl Palmitate', 'Aframomum Melegueta Seed Extract', 'Citric Acid', 'Helichrysum Italicum Extract', 'Iron Oxide (Ci 77499)']"
4bcb4221-2ac0-4d1a-a076-39f4f92cce73,Reserve - Radiant Nectar,CLEAN RESERVE,Perfume,https://www.sephora.com/productimages/sku/s2316099-main-zoom.jpg?imwidth=465,https://www.sephora.com/product/clean-reserve-radiant-nectar-P456552,"['09%: Tetramethyl Acetyloctahydronaphthalenes', 'Methyldihydrojasmonate', 'Ethylene Brassylate', 'Dipropylene Glycol', 'Isobutyl Methyl\nTetrahydropyranol', 'Dodecahydro-tetramethylnaphthofuran', 'Dimethylcyclohexylethoxy\nIsobutylpropanoate', 'Hexyl Acetate', 'Methylcyclopentadecenone', 'Ethyl Hydroxypyrone', 'Oxacycloheptadec-10-en-2-one']"
af8047cd-8250-49ce-86e3-08372ba7ae1b,Cleanser,Dr. Barbara Sturm,Face Wash & Cleansers,https://www.sephora.com/productimages/sku/s2269991-main-zoom.jpg?imwidth=465,https://www.sephora.com/product/dr-barbara-sturm-cleanser-P447783,"['Water', 'Sodium Cocoamphoacetate', 'Lauryl Glucoside', 'Glycerin', 'Aloe Barbadensis Leaf Juice', 'Sodium Cocoyl Glutamate', 'Sodium Lauryl Glucose Carboxylate', 'Panthenol', 'Urea', 'Lactobacillus/Portulaca Oleracea Ferment Extract', 'Citric Acid', 'Benzyl Alcohol', 'Phenoxyethanol', 'Potassium Sorbate', 'Salicylic Acid', 'Leuconostoc/Radish Root Ferment Filtrate', 'Tocopherol', 'Pantolactone', 'Sodium Benzoate']"
ef785e65-db56-495d-84d6-17bd3dde701f,Aquarius BHA + Blue Tansy Clarifying Cleanser,Herbivore,Face Wash & Cleansers,https://www.sephora.com/productimages/sku/s2575157-main-zoom.jpg?imwidth=465,https://www.sephora.com/product/herbivore-botanicals-aquarius-bha-zinc-clarity-cleanser-P505316,"['Aqua/Water/Eau', 'Sodium Lauroyl Methyl Isethionate', 'Cocamidopropyl Betaine', 'Glycerin', 'Sodium Methyl Oleoyl Taurate', 'Lauryl Glucoside', 'Coco-Glucoside', 'Salix Nigra (Willow) Bark Extract', 'Tanacetum Annuum Flower Oil', 'Zinc PCA', 'Ananas Sativus (Pineapple) Fruit Extract', 'Sodium Levulinate', 'Sodium Anisate', 'Cocamidopropyl Hydroxysultaine', 'Menthyl Lactate', 'Citric Acid', 'Sodium Benzoate', 'Aloe Barbadensis Leaf Juice', 'Lactobacillus Ferment', 'Melia Azadirachta Leaf Extract', 'Melia Azadirachta Flower Extract', 'Corallina Officinalis Extract', 'Coccinia Indica Fruit Extract', 'Tetrasodium Glutamate Diacetate', 'Betaine', 'Solanum Melongena (Eggplant) Fruit Extract', 'Aloe Barbadensis Flower Extract', 'Ocimum Sanctum Leaf Extract', 'Ocimum Basilicum (Basil) Flower/Leaf Extract', 'Curcuma Longa (Turmeric) Root Extract']"
01e65a3e-1c41-4619-9fd2-99e7d17adfa5,Lash Idôle Lash-Lifting & Volumizing Waterproof Mascara,Lanc&#244;me,Mascara,https://www.sephora.com/productimages/sku/s2516136-main-zoom.jpg?imwidth=465,https://www.sephora.com/product/lancome-lash-idole-waterproof-mascara-P481823,"['Isododecane', 'Cera Alba / Beeswax / Cire Dabeille', 'Ci 77499 / Iron Oxides', 'Copernicia Cerifera Cera / Carnauba Wax / Cire De Carnauba', 'Disteardimonium Hectorite', 'Aqua / Water / Eau', 'Allyl Stearate/Va Copolymer', 'Oryza Sativa Cera / Rice Bran Wax', 'Paraffin', 'Alcohol Denat']"
381f6425-a200-4542-9053-e9d6dbcc19d9,Roses On Ice Eau De Parfum,KILIAN Paris,Perfume,https://www.sephora.com/productimages/sku/s2362846-main-zoom.jpg?imwidth=465,https://www.sephora.com/product/kilian-roses-on-ice-eau-de-parfum-P465333,"['Fragrance (Parfum)', 'Water\\Aqua\\Eau', 'Hydroxycitronellal', 'Linalool', 'Limonene', 'Geraniol', 'Citronellol', 'Citral', 'Eugenol', 'Tocopherol', 'Dilauryl Thiodipropionate', 'BHT Please be aware that ingredient lists may change or vary from time to time']"
55277432-53bf-4711-a3c1-ebbab5b1eb5c,Darkside Waterproof Gel Matte Eyeliner,Anastasia Beverly Hills,Eyeliner,https://www.sephora.com/productimages/sku/s1820414-main-zoom.jpg?imwidth=465,https://www.sephora.com/product/darkside-waterproof-liner-P410502,"['Cyclopentasiloxane', 'Trimethylsiloxysilicate', 'Euphorbia Cerifera (Candelilla) Wax/CireDe Candelilla/Candelilla Cera', 'Isododecane', 'Beeswax/Cire Dâ\x80\x99abeille/Cera Alba', 'Microcrystalline Wax/Cire Microcristalline/Cera Microcristallina', 'Paraffin', 'SilicaDimethyl Silylate', 'Montan Wax/Montan Cera', 'Copernicia Cerifera (Carnauba) Wax', 'Phenoxyethanol', 'May Contain: (+/-)', 'Iron Oxide (Ci 77499)', 'Black 2 (Ci 77266)', 'Blue 1 Lake (Ci 42090)']"
2886bdc6-c47e-45b0-936e-cef218d1c297,Microdermabrasion Smoothing Lip Scrub,Dr. Brandt Skincare,Lip Balms & Treatments,https://www.sephora.com/productimages/sku/s2644243-main-zoom.jpg?imwidth=465,https://www.sephora.com/product/dr-brandt-skincare-microdermbrasion-hydrating-lip-exfoliator-P504411,"['Helianthus Annuus Seed Oil', 'Caprylic/Capric Triglyceride', 'Erythritol', 'Glycerin', 'Cellulose', 'Water/Aqua/Eau', 'Sucrose Stearate', 'Sucrose Laurate', 'Punica Granatum Pericarp Extract', 'Tocopherol']"
0a76356b-ea23-44e2-980b-c79b51053a19,Mini Antisocial Leave-In Dry Hair Mask,IGK,Hair Masks,https://www.sephora.com/productimages/sku/s2796241-main-zoom.jpg?imwidth=465,https://www.sephora.com/product/igk-mini-antisocial-leave-in-dry-hair-mask-P512269,"['Dimethyl Ether', 'Aqua/Water/Eau', 'Dicaprylyl Carbonate', 'Disiloxane', 'Dimethicone', 'sr-Spider Polypeptide-1', 'Ozokerite', 'Lavandula Angustifolia (Lavender) Oil', 'PEG-40 Hydrogenated Castor Oil', 'Hydrolyzed Pea Protein', 'Cystine Bis-PG-Propyl Silanetriol', 'Hydroxyethyl Behenamidopropyl Dimonium Chloride', 'Dimethicone/Vinyl Dimethicone Crosspolymer', 'Trimethylsiloxyamodimethicone', 'Ethylhexyl Methoxycinnamate', 'C11-15 Pareth-7', 'C12-16 Pareth-9', 'Trideceth-12', 'Phenyl Trimethicone', 'Glycerin', 'Butylene Glycol', 'Caprylyl Glycol', 'Ethylhexylglycerin', 'Hexylene Glycol', 'BHT', '1', '2-Hexanediol', 'Phenoxyethanol', 'Fragrance/Parfum', 'Benzyl Salicylate', 'Linalool', 'Butylphenyl Methylpropional', 'Coumarin', 'Limonene']"
4373ea77-5ca8-4bdd-934e-1f7f70316bef,CAVIAR Anti-Aging&#174; Replenishing Moisture Conditioner,ALTERNA Haircare,Conditioner,https://www.sephora.com/productimages/sku/s1772383-main-zoom.jpg?imwidth=465,https://www.sephora.com/product/caviar-anti-aging-replenishing-moisture-conditioner-P269706,"['Water', 'Cetearyl Alcohol', 'Cyclopentasiloxane', 'Behentrimonium Chloride', 'Cetrimonium Chloride', 'Glycerin', 'Dimethicone', 'Hydrolyzed Rice Protein', 'Hydrolyzed Vegetable Protein PG-Propyl Silanetriol', 'Ascorbic Acid', 'Linum Usitatissimum (Linseed) Seed Oil', 'Caviar Extract', 'Polysilicone-15', 'Phospholipids', 'Helianthus Annuus (Sunflower) Seed Oil', 'Tocopheryl Acetate', 'Butyrospermum Parkii (Shea) Butter', 'Divinyldimethicone/Dimethicone Copolymer', 'Algae Extract', 'Jojoba Esters', 'Cetrimonium Bromide', 'Dimethiconol', 'Saccharomyces/Magnesium Ferment', 'Saccharomyces/Copper Ferment', 'Saccharomyces/Silicon Ferment', 'Saccharomyces/Zinc Ferment', 'Saccharomyces/Iron Ferment', 'Superoxide Dismutase', 'Amodimethicone', 'C11-15 Pareth-7', 'Glycereth-26', 'C12-13 Pareth-23', 'C12-13 Pareth-3', 'Trideceth-12', 'Polyquaternium-37', 'Laureth-9', 'Dicaprylyl Carbonate', 'Lauryl Glucoside', 'Guar Hydroxypropyltrimonium Chloride', 'Butylene Glycol', 'Disodium EDTA', 'Citric Acid', 'Methylisothiazolinone', 'Phenoxyethanol', 'Fragrance']"
d0e5ddf0-88c9-424f-b172-5dce2e9ece24,R&#233;nergie H.P.N. 300-Peptide Anti-Aging Cream with SPF 25,Lanc&#244;me,Moisturizers,https://www.sephora.com/productimages/sku/s2694495-main-zoom.jpg?imwidth=465,https://www.sephora.com/product/renergie-h-p-n-300-peptide-anti-aging-cream-with-spf-25-P507510,"['Water', 'Glycerin', 'Silica', 'Dimethicone', 'Isononyl', 'Isononanoate', 'Propanediol', 'Bis-Peg-18 Methyl Ether Dimethyl Silane', 'Polyglyceryl-6 Distearate', 'Jojoba Esters', 'Tocopherol', 'Limnanthes Alba (Meadowfoam) Seed Oil', 'Cyclodextrin', 'Hydrolyzed Lupine Protein', 'Pisum Sativum (Pea) Extract', 'Adenosine', 'Capryloyl Salicylic Acid', 'Citric Acid', 'Disodium Edta', 'Hydrolyzed Linseed Extract', 'Hydroxyacetophenone', 'Scutellaria Baicalensis Root Extract', 'Sodium Hyaluronate', 'Sodium Hydroxide', 'Titanium Dioxide', 'Acacia Decurrens Flower Wax', 'Ammonium Acryloyldimethyltaurate/Steareth-25 Methacrylate Crosspolymer', 'Caprylyl Glycol', 'Cetyl Alcohol', 'Disodium Stearoyl Glutamate', 'Helianthus Annuus (Sunflower) Seed Wax', 'Polyglycerin-3', 'Polyglyceryl-3 Beeswax', 'Xanthan Gum', 'Dimethicone/Vinyl Dimethicone Crosspolymer', 'Dimethiconol', 'Benzyl Alcohol', 'Geraniol', 'Limonene', 'Red 33', 'Phenoxyethanol', 'Sodium Benzoate', 'Fragrance']"
089fdb82-f7b6-4c5e-840b-d8bff9401f1f,Le Rouge Interdit Cream Velvet Lipstick,Givenchy,Lipstick,https://www.sephora.com/productimages/sku/s2691236-main-zoom.jpg?imwidth=465,https://www.sephora.com/product/le-rouge-interdit-cream-velvet-lipstick-P507785,"['Dimethicone', 'Dimethicone/Vinyl Dimethicone Crosspolymer', 'Isododecane', 'Bis-Diglyceryl Polyacyladipate-2', 'Polyglyceryl-2 Triisostearate', 'Caprylic/Capric Triglyceride', 'Synthetic Fluorphlogopite', 'Limnanthes Alba (Meadowfoam) Seed Oil', 'Disteardimonium Hectorite', 'Ricinus Communis (Castor) Seed Oil', 'Propylene Carbonate', 'Parfum (Fragrance)', 'Sodium Hyaluronate', 'Pentaerythrityl Tetra-Di-T-Butyl Hydroxyhydrocinnamate', 'Silica Dimethyl Silylate', 'Lauroyl Lysine', 'Butyrospermum Parkii (Shea) Butter Extract', 'Hydrogenated Castor Oil', 'Polyhydroxystearic Acid', '[+/- Ci 15850 (Red 7 Lake)', 'Ci 77492 - Ci 77499 (Iron Oxides)', 'Ci 15985 (Yellow 6 Lake)', 'Ci 77891 (Titanium Dioxide)', 'Ci 42090 (Blue 1 Lake)]']"
18180ea1-72a7-4265-9bd9-fb9f7df47822,Mini Frizz Control Conditioner,Moroccanoil,Conditioner,https://www.sephora.com/productimages/sku/s2750842-main-zoom.jpg?imwidth=465,https://www.sephora.com/product/moroccanoil-mini-frizz-control-conditioner-P510607,"['-Argan Oil: Nourishes', 'enhances manageability', 'and reduces frizz-Jackfruit Extract: Hydrates the hair for increased frizz resistance-Amaranth Oil: Binds to the hair fiber to protect its keratin structureAqua/Water/Eau', 'Cetearyl Alcohol', 'Stearyl Alcohol', 'Triheptanoin', 'Brassicamidopropyl Dimethylamine', 'C13-16 Isoparaffin', 'Cetyl Esters', 'Coco-Caprylate/Caprate', 'Parfum/Fragrance', 'Behentrimonium Chloride', 'Bis-Cetearyl Amodimethicone', 'Jojoba Esters', 'Argania Spinosa (Argan) Kernel Oil', 'Helianthus Annuus (Sunflower) Seed Wax', 'Artocarpus Heterophyllus (Jackfruit) Fruit Extract', 'Helianthus Annuus (Sunflower) Seed Oil', 'Amaranthus Caudatus (Amaranth) Seed Extract', 'Porphyra Umbilicalis (Red Algae) Extract', 'Rosmarinus Officinalis (Rosemary) Leaf Extract', 'Caesalpinia Spinosa Gum', 'Citric Acid', 'Glycerin', 'Ethylhexylglycerin', 'Polyquaternium-37', 'Heptyl Undecylenate', 'Polysorbate 60', 'Caprylyl Glycol', 'Cetrimonium Chloride', 'Polyurethane-100', 'Propanediol', 'Guar Hydroxypropyltrimonium Chloride', 'Panthenol', 'Ceteareth-25', 'Ceteareth-7', 'Tocopherol', 'Polyglycerin-3', 'Tetrasodium Glutamate Diacetate', 'Lactobacillus Ferment', 'Fumaric Acid', 'Glycolic Acid', 'Diisostearyl Malate', 'Potassium Hydroxide', 'Sodium Hydroxide', 'Potassium Sorbate', 'Sodium Benzoate', 'Chlorphenesin', 'Phenoxyethanol', 'Linalool', 'Alpha-Isomethyl Ionone']"
a51925cb-1257-430c-bab4-4a83bed25427,Mini Hold Me Softly Curly Hair Styling Cream Balm,Curlsmith,Hair Styling Products,https://www.sephora.com/productimages/sku/s2622868-main-zoom.jpg?imwidth=465,https://www.sephora.com/product/mini-hold-me-softly-curly-hair-styling-cream-balm-P502026,"['Water (Aqua)', 'Cetearyl Alcohol', 'Cocos Nucifera (Coconut) Oil', 'Glycerin', 'Hydroxypropyl Starch Phosphate', 'PPG-3 Benzyl Ether Myristate', 'Carapa Guaianensis (Andiroba) Seed Oil', 'Rosmarinus Officinalis (Rosemary) Leaf Extract', 'Persea Gratissima (Avocado) Oil', 'Aloe Barbadensis (Aloe Vera) Leaf Juice', 'Olea Europaea (Olive) Fruit Oil', 'Ocimum Basilicum (Basil) Leaf Extract', 'Prunus Armeniaca (Apricot) Kernel Oil', 'Salvia Officinalis (Sage) Leaf Extract', 'Selaginella Lepidophylla (Resurrection Flower) Extract', 'Helianthus Annuus (Sunflower) Seed Oil', 'Piper Nigrum (Black Pepper) Seed Extract', 'Phenoxyethanol', 'Ceteareth-20', 'Panthenol', 'Cetrimonium Chloride', 'Disodium EDTA', 'Ethylhexylglycerin', 'Potassium Sorbate', 'Sodium Benzoate', 'Fragrance (Parfum)', 'Limonene', 'Linalool']"
a2a590fc-6472-44c7-860f-b9b527a67208,Ambient&#174; Lighting Palette,Hourglass,Highlighter,https://www.sephora.com/productimages/sku/s2519767-main-zoom.jpg?imwidth=465,https://www.sephora.com/product/ambient-lighting-palette-P382309,"['Prismatic Strobe LightMica', 'Synthetic Fluorphlogopite', 'Octyldodecyl Stearoyl Stearate', 'Zea Mays (Corn) Starch', 'Boron Nitride', 'Isostearyl Neopentanoate', 'Magnesium Aluminum Silicate', 'Silica', 'Diisostearyl Malate', 'Dimethicone', 'Lauroyl Lysine', 'Ethylhexylglycerin', '1', '2-Hexanediol', 'Caprylyl Glycol', 'Tin Oxide', 'Tocopherol', 'Iron Oxides (Ci 77491', 'Ci 77499)', 'Titanium Dioxide (Ci 77891)']"
ac032a5f-a1b7-4e3b-bd6c-7a752b03db10,Mini Confidence in a Cream Hydrating Moisturizer,IT Cosmetics,Moisturizers,https://www.sephora.com/productimages/sku/s2599769-main-zoom.jpg?imwidth=465,https://www.sephora.com/product/confidence-in-cream-tm-transforming-moisturizing-super-cream-P427641,"['Aqua / Water / Eau', 'Glycerin', 'Niacinamide', 'Cetearyl Alcohol', 'Squalane', 'Hydroxyethylpiperazine Ethane Sulfonic Acid', 'Glyceryl Stearate', 'Dimethicone', 'Butyrospermum Parkii Butter / Shea Butter', 'Myristyl Myristate', 'Ethylhexyl Palmitate', 'Phenoxyethanol', 'Peg-100 Stearate', 'Caprylic/Capric Triglyceride', 'Caprylyl Glycol', 'Pentylene Glycol', 'Sodium Polyacrylate', 'Tocopherol', 'Hydrolyzed Rice Protein', 'Citric Acid', 'Sodium Hyaluronate', 'Pentaerythrityl Tetra-Di-T-Butyl Hydroxyhydrocinnamate', 'Ceramide Np', 'Adenosine', 'Trisodium Ethylenediamine Disuccinate', 'Colloidal Oatmeal', 'Linalool', 'Hydroxypalmitoyl Sphinganine', 'Butylene Glycol', 'Caramel', 'Limonene', 'Benzyl Benzoate', 'Carbomer', 'Sodium Lactate', 'Citral', 'Polysorbate 20', 'Palmitoyl Tripeptide-1', 'Palmitoyl Tetrapeptide-7', 'Parfum / Fragrance']"
528b31ce-5ff6-4566-a94a-443c14a694f2,Mini Everyday Hair Gloss Oil,BREAD BEAUTY SUPPLY,Hair Oil,https://www.sephora.com/productimages/sku/s2430726-main-zoom.jpg?imwidth=465,https://www.sephora.com/product/bread-beauty-supply-everyday-hair-gloss-oil-mini-P467938,"['Carthamus Tinctorius (Safflower) Seed Oil', 'Capryl Capric Triglycerides', 'Prunus Amygdalus Dulcis (Sweet Almond) Oil', 'Ricinus Communis (Castor) Oil', 'Argania Spinosa (Argan) Kernel Oil', 'Fragrance', 'Glycine Soja (Soybean) Oil', 'Terminalia Ferdinandiana (Kakadu Plum) Seed Oil']"
55977ce7-50bf-4332-a026-3ae4367b49d2,Silky Lip Crème,PATRICK TA,Liquid Lipstick,https://www.sephora.com/productimages/sku/s2699270-main-zoom.jpg?imwidth=465,https://www.sephora.com/product/monochrome-moment-silky-lip-creme-P451938,"['Polybutene', 'Diisostearyl Malate', 'Dimethicone', 'Trimethylsiloxyphenyl Dimethicone', 'Silica Dimethyl Silylate', 'Bis-Diglyceryl Polyacyladipate-2', 'Isododecane', 'Dimethicone/Vinyl Dimethicone Crosspolymer', 'Trimethylsiloxysilicate', 'Kaolin', 'EthylHexyl Palmitate', 'Butylene Glycol', 'Caprylyl Glycol', 'Phenoxyethanol', 'Sodium Hyaluronate', 'Hexylene Glycol', 'Flavor (Aroma)', 'May Contain (+/-): Titanium Dioxide (CI 77891)', 'Iron Oxides (CI 77491', 'CI 77492', 'CI 77499)', 'Red 6 (CI 15850)', 'Red 7 Lake (CI 15850)', 'Blue 1 Lake (CI 42090)', 'Red 28 Lake (CI 45410)', 'Yellow 5 Lake (CI 19140)', 'Yellow 6 Lake (CI 15985)']"
86d388c6-9eef-4f3a-8ed7-f53487112530,The POREfessional Shrink Wrap Overnight AHA+PHA Pore Treatment\t\t\t\t\t\t,Benefit Cosmetics,Treatments,https://www.sephora.com/productimages/sku/s2745529-main-zoom.jpg?imwidth=465,https://www.sephora.com/product/benefit-cosmetics-porefessional-shrink-wrap-pore-overnight-treatment-P511134,"['INCI EU/USINGREDIENTS: &nbsp;AQUA (WATER)', 'GLUCONOLACTONE', 'PROPANEDIOL', 'NIACINAMIDE', 'ALOE BARBADENSIS LEAF JUICE', 'GLYCOLIC ACID', 'LACTIC ACID', 'SODIUM HYDROXIDE', 'SODIUM POLYACRYLOYLDIMETHYL TAURATE', 'BUTYLENE GLYCOL', 'POLYGLUTAMIC ACID', 'HYDROXYETHYL ACRYLATE/SODIUM ACRYLOYLDIMETHYL TAURATE COPOLYMER', '1', '2-HEXANEDIOL', 'SALIX ALBA (WILLOW) BARK EXTRACT', 'POLYGLYCERYL-10 LAURATE', 'HAMAMELIS VIRGINIANA (WITCH HAZEL) BARK/LEAF/TWIG EXTRACT', 'HIPPOPHAE RHAMNOIDES OIL', 'HYDROXYACETOPHENONE', 'SCLEROTIUM GUM', 'BISABOLOL', 'LEUCONOSTOC/RADISH ROOT FERMENT FILTRATE', 'PAPAIN', 'SORBITAN ISOSTEARATE', 'CITRUS LIMON (LEMON) FRUIT EXTRACT', 'HYALURONIC ACID', 'HYDROLYZED HYALURONIC ACID', 'SODIUM HYALURONATE', 'CITRIC ACID', 'POTASSIUM SORBATE', 'SODIUM BENZOATE', 'CITRUS JUNOS FRUIT EXTRACT']"
7c44db46-e609-4b5e-8dd5-c4d4e655396f,Buttermask Intense Repair Lip Treatment,Kiehl's Since 1851,Lip Balms & Treatments,https://www.sephora.com/productimages/sku/s2201093-main-zoom.jpg?imwidth=465,https://www.sephora.com/product/buttermask-intense-repair-lip-treatment-P432239,"['Bis-diglyceryl Polyacyladipate-2', 'Butyrospermum Parkii Butter / Shea Butter', 'Cocos Nucifera Oil / Coconut Oil', 'Cera Alba / Beeswax / Cire Dabeille', 'Ricinus Communis Seed Oil / Castor Seed Oil', 'Candelilla Cera / Candelilla Wax / Cire De Candelilla', 'Theobroma Cacao Seed Butter / Cocoa Seed Butter', 'Jojoba Esters', 'Simmondsia Chinensis Seed Oil / Jojoba Seed Oil', 'Octyldodecanol', 'Helianthus Annuus Seed Cera / Sunflower Seed Wax', 'Irvingia Gabonensis Kernel Butter', 'Aqua / Water / Eau', 'Hydrogenated Coco-glycerides', 'Caprylic/capric Triglyceride', 'Salix Nigra Bark Extract / Willow Bark Extract', 'Tocopherol', 'Acacia Decurrens Flower Cera / Acacia Decurrens Flower Wax', 'Polyglycerin-3', 'Sorbic Acid', 'Vanilla Planifolia Fruit Extract', 'Stevia Rebaudiana Leaf/stem Extract', 'Glycine Soja Oil / Soybean Oil', 'Citric Acid']"
fc42a018-582c-4844-b2ae-57d66e3fdf0f,Blond Absolu Heat Protecting Leave-In Treatment for Blonde Hair,K&#233;rastase,Hair Primers,https://www.sephora.com/productimages/sku/s2201010-main-zoom.jpg?imwidth=465,https://www.sephora.com/product/blond-absolu-heat-protecting-serum-P441848,"['Water', 'Cetyl Alcohol', 'Cetearyl Alcohol', 'Cetyl Esters', 'Amodimethicone', 'Behentrimonium Methosulfate', 'Phenoxyethanol', 'Quaternium-33', 'Tocopherol', 'Behentrimonium Chloride', 'Trideceth-6', 'Limonene', 'Isopropyl Alcohol', 'Cetrimonium Chloride', 'Glycerin', 'Citric Acid', 'Sodium Hyaluronate', 'Serine', 'Ethylhexyl Salicylate', 'Linalool', 'Sodium Hydroxide', 'Ci 60730 / Ext']"
93ecdab2-41f2-4436-9602-107c600d3807,RICH KID Coconut Oil Air-Dry Styling Cream,IGK,Hair Styling Products,https://www.sephora.com/productimages/sku/s1839687-main-zoom.jpg?imwidth=465,https://www.sephora.com/product/rich-kid-coconut-oil-gel-P410477,"['Water', 'Butylene Glycol', 'Acrylates/Beheneth-25 Methacrylate Copolymer', 'Cocos Nucifera (Coconut) Oil', 'Dimethicone PEG-8 Meadowfoamate', 'Mica', 'Aloe Barbadensis (Aloe Vera) Flower Extract', 'Chamomilla Recutita (Matricaria) Flower Extract', 'Rosa Canina (Rose Hip) Fruit Extract', 'Cymbopogon Schoenanthus (Lemongrass) Extract', 'Achillea Millefolium (Yarrow) Extract', 'Symphytum Officinale (Comfrey) Extract', 'Geranium Maculatum (Cranesbill) Extract', 'Hamamelis Virginiana (Witch Hazel) Bark/Leaf/Twig Extract', 'Melissa Officinalis (Balm Mint) Leaf Extract', 'Salvia Officinalis (Sage) Leaf Extract', 'Quercus Alba (Oak) Bark Extract', 'PEG-40 Hydrogenated Castor Oil', 'Trimethylsiloxyamodimethicone', 'C11-15 Pareth-7', 'C12-16 Pareth-9', 'Butyloctanol', 'Silicone Quaternium-16', 'Undeceth-11', 'Undeceth-5', 'Trideceth-12', 'Polyquaternium-59', 'Xanthan Gum', 'Glycerin', 'Ethylhexylglycerin', 'Aminomethyl Propanol', 'Carbomer', 'Phenoxyethanol', 'Fragrance', 'Benzyl Salicylate', 'Coumarin', 'Geraniol', 'Limonene', 'Linalool', 'CI 77891 (Titanium Dioxide)']"
57ad3520-96a1-4a4e-b313-d09455bb6fa4,Soft Matte Advanced Perfecting Powder,NARS,Setting Spray & Powder,https://www.sephora.com/productimages/sku/s2647022-main-zoom.jpg?imwidth=465,https://www.sephora.com/product/nars-soft-matte-advanced-perfecting-powder-P504202,"['Synthetic Fluorphlogopite', 'Calcium Sodium Borosilicate', 'Mica', 'Zinc Oxide', 'Silica', 'Caprylic/Capric Triglyceride', 'Zinc Myristate', 'Dimethicone', 'Diphenylsiloxy Phenyl Trimethicone', 'Alteromonas Ferment Extract', 'Theobroma Cacao (Cocoa) Seed Butter', 'Tocopheryl Acetate', 'Quercetin', 'Hydrogen Dimethicone', 'Polysilicone-2', 'Aluminum Hydroxide', 'Boron Nitride', 'Sorbitan Sesquiisostearate', 'Calcium Silicate', 'Ethylhexylglycerin', 'Tocopherol', 'Water/Aqua/Eau', 'Butylene Glycol', 'Butyrospermum Parkii (Shea) Butter', 'Glycerin', 'Hydrolyzed Pea Protein', 'Glucose', 'Sodium Chloride', 'Sodium Succinate', 'Niacinamide', 'Lauroyl Lysine', 'Chlorphenesin', 'Phenoxyethanol', '[+/-(May Contain/Peut Contenir): Iron Oxides (Ci 77491', 'Ci 77492', 'Ci 77499)', 'Titanium Dioxide (Ci 77891)]']"
aa424f8d-b1c3-4deb-84ef-a26c6ae42851,Mini Bronze Eyeshadow Palette,Natasha Denona,Makeup,https://www.sephora.com/productimages/sku/s2592012-main-zoom.jpg?imwidth=465,https://www.sephora.com/product/mini-bronze-eyeshadow-palette-P500627,"['Flesh 104CM:Synthetic Fluorphlogopite', 'Zinc Stearate', 'Dimethicone', 'Caprylyl Glycol', 'Ethylhexylglycerin', 'Hdi/Trimethylol Hexyllactone Crosspolymer', 'Triethoxycaprylylsilane', 'Silica', 'Mica', 'Titanium Dioxide (Ci 77891)', 'Iron Oxides (Ci 77491)', 'Iron Oxides (Ci 77492)', 'Iron Oxides (Ci 77499)']"
6d303c70-cc28-46f6-ad24-bad085aa377c,The One For Your Lips SPF 50 Hydrating Lip Balm with Hyaluronic Acid & Squalane,Hello Sunday,Lip Balms & Treatments,https://www.sephora.com/productimages/sku/s2753291-main-zoom.jpg?imwidth=465,https://www.sephora.com/product/hello-sunday-the-one-for-your-lips-spf-50-hydrating-lip-balm-with-hyaluronic-acid-squalane-P511648,"['Active Ingredients: Octocrylene 9%', 'Homosalate 7%', 'Octisalate 5%', 'Avobenzone 3% Inactive: Polyisobutene', 'Caprylic/Capric Triglyceride', 'Silica Dimethyl Silylate', 'Butyloctyl Salicylate', 'Squalane', 'Dicaprylyl Carbonate', 'Octyldodecanol', 'Butyrospermum Parkii (Shea) Butter', 'Glyceryl Behenate', 'Fragrance/ Parfum', 'Sodium Hyaluronate', 'Tocopherol', 'Oryza Sativa (Rice) Extract', 'Oryza Sativa (Rice) Germ Extract', 'Synthetic Wax', 'Stearalkonium Bentonite', 'Physalis Angulata Extract', '1', '2-Hexanediol', 'Bisabolol', 'Caprylyl Glycol', 'Ethylhexyl Palmitate', 'Glycine Soja (Soybean) Oil', 'Propylene Carbonate', 'Polyglyceryl-3 Diisostearate', 'Trihydroxystearin', 'Glucomannan', 'Benzyl Benzoate']"
d6d4411d-8870-4fdb-a576-ef8d6283f1df,Mini Vanilla Vibezzz - Whipped Argan Oil Refillable Firming Body Butter,Josie Maran,Body Lotions & Body Oils,https://www.sephora.com/productimages/sku/s2771954-main-zoom.jpg?imwidth=465,https://www.sephora.com/product/josie-maran-mini-vanilla-vibezzz-whipped-argan-oil-refillable-firming-body-butter-P510473,"['Aqua (Water)**', 'Argania Spinosa (Argan) Kernel Oil*', 'Caprylic/Capric Triglyceride**', 'Helianthus Annuus (Sunflower) Seed Oil**', 'Glyceryl Stearate**', 'Glycerin**', 'Butyrospermum Parkii (Shea) Butter**', 'Hydroxyethyl Acrylate/Sodium Acryloyl Dimethyl Taurate Copolymer', 'Fragrance (Parfum)**', 'Aloe Barbadensis (Aloe Vera) Leaf Juice*', 'Camellia Sinensis (White Tea) Leaf Extract**', 'Camellia Sinensis (Green Tea) Leaf Extract**', 'Symphytum Officinale (Comfrey) Leaf Extract**', 'Persea Gratissima (Avocado) Oil**', 'Helianthus Annuus (Sunflower) Flower Extract**', 'Squalane**', 'Beta-Carotene**', 'Citric Acid**', 'Tocopherol**', 'Allantoin**', 'Panthenol**', 'Coco-Caprylate/Caprate**', 'Polysorbate-60**', 'Cetearyl Glucoside', 'Cetearyl Alcohol**', 'Ethylhexylglycerin', 'Phenoxyethanol', 'Benzyl Salicylate', 'Limonene', 'Linalool']"
e669d20a-b74c-457c-a8ea-37309b8893ec,Intense Therapy Lip Balm SPF 25,Jack Black,Lip Balms & Treatments,https://www.sephora.com/productimages/sku/s564344-main-zoom.jpg?imwidth=465,https://www.sephora.com/product/intense-therapy-lip-balm-spf-25-P12573,"['2%Beeswax', 'Butyrospermum Parkii (Shea) Butter', 'C 18-38 Alkyl Hydroxystearol Stearate', 'Camellia Sinenesis (Green Tea) Leaf Extract', 'Cyclohexasiloxane', 'Cyclopentasiloxane', 'Flavor', 'Lanolin', 'Microcrystalline Wax', 'Ozokerite', 'Persea Gratissima (Avocado) Oil', 'Polyglyceryl 3 Beeswax', 'Theobroma Cacao (Cocoa) Seed Butter', 'Tocopheryl Acetate']"
6f9ac7ca-ace9-4eff-92a9-6207c21448ea,Mini Premi&#232;re Repairing Pre-Shampoo Treatment for Damaged Hair,K&#233;rastase,Scalp Treatments,https://www.sephora.com/productimages/sku/s2760247-main-zoom.jpg?imwidth=465,https://www.sephora.com/product/kerastase-mini-premiere-repairing-pre-shampoo-treatment-for-damaged-hair-P510574,"['â\x80\x8bAqua / Water / Eau', 'Glycerin', 'Propylene Glycol', 'Glycine', 'Citric Acid', 'Sodium Hydroxide', 'Parfum / Fragrance', 'Cetrimonium Chloride', 'Peg-40 Hydrogenated Castor Oil', 'Polysorbate 20', 'Polysorbate 80', 'Phenoxyethanol', 'Hydrolyzed Vegetable Protein Pg-Propyl Silanetriol', 'Quaternium-80', 'Limonene', 'Hydroxypropyl Guar', 'Hydroxypropyl Guar Hydroxypropyltrimonium Chloride', 'Linalool', 'Sodium Benzoate', 'Citral', 'Potassium Sorbate']"
0f36c57f-18ff-4f03-94dd-eaf146912d88,Pore Refine Pore Shrinking & Texture Smoothing Serum,iNNBEAUTY PROJECT,Face Serums,https://www.sephora.com/productimages/sku/s2645216-main-zoom.jpg?imwidth=465,https://www.sephora.com/product/innbeauty-project-refine-aha-bha-texture-pore-serum-P504892,"['Water/Aqua/Eau', 'Caprylic/Capric Triglyceride', 'Glycerin', 'Propanediol', 'Arginine', 'Lactic Acid', 'Squalane', 'Salix Alba (Willow) Bark Extract', 'Gluconolactone', 'Cetearyl Alcohol', 'Glycolic Acid', 'Isodecyl Neopentanoate', 'Triethylhexanoin', 'Sodium Citrate', 'Silica', 'Arachidyl Alcohol', 'Butylene Glycol', 'Hydrogenated Polydecene', 'Nicotiana Benthamiana Hexapeptide-40 sh-Polypeptide-76', 'Palmitoyl Tripeptide-5', 'Saccharomyces Ferment', 'Harungana Madagascariensis Extract', 'Tasmannia Lanceolata Fruit/Leaf Extract', 'Oryza Sativa (Rice) Bran Extract', 'Fomes Officinalis (Mushroom) Extract', 'Oryza Sativa (Rice) Starch', 'Pistacia Lentiscus (Mastic) Gum', 'Sodium PCA', 'Centella Asiatica Leaf Extract', 'Chamomilla Recutita (Matricaria) Flower Extract', 'Sodium Hyaluronate', 'Helianthus Annuus (Sunflower) Extract', 'Carthamus Tinctorius (Safflower) Seed Oil', 'Rosmarinus Officinalis (Rosemary) Leaf Extract', 'Xanthan Gum', 'Coco-Glucoside', 'Coco-Caprylate/Caprate', 'Behenyl Alcohol', 'Polyacrylate Crosspolymer-6', 'Microcrystalline Cellulose', 'Hydroxyethyl Urea', 'Glyceryl Caprylate', 'Castor Oil/IPDI Copolymer', 'Glucose', 'Tocopherol', 'Ethylhexylglycerin', 'Citric Acid', 'Hydrogenated Lecithin', 'Phenethyl Alcohol', 'Arachidyl Glucoside', 'Hydroxyacetophenone', 'Lauroyl Lysine', 'Stearic Acid', 'C9-12 Alkane', 'Dilinoleic Acid/Butanediol Copolymer', 'Sodium Phytate', 'Triheptanoin', 'Caprylyl Glycol', '1', '2-Hexanediol']"
ec181034-4427-499d-8753-ea26a0d163c2,Quickliner&#8482; For Eyes Intense Eyeliner,CLINIQUE,Eyeliner,https://www.sephora.com/productimages/sku/s1394519-main-zoom.jpg?imwidth=465,https://www.sephora.com/product/quickliner-for-eyes-intense-P305114,"['Trimethylsiloxysilicate', 'Isododecane', 'Synthetic Wax', 'Hydrogenated Polyisobutene', 'Hydrogenated Polydecene', 'Hydrogenated Poly(C6-14 Olefin)', 'Polybutene', 'Polyglyceryl-10 Pentaisostearate', 'Polymethylsilsesquioxane', 'Synthetic Fluorphlogopite', 'Synthetic Beeswax', 'Silica', 'Silica Silylate', 'Disteardimonium Hectorite', 'Copernicia Cerifera (Carnauba) Wax\\ Copernicia Cerifera Cera \\Cire De Carnauba', 'Propylene Carbonate', 'Tin Oxide', 'Pentaerythrityl Tetra-Di-T-Butyl Hydroxyhydrocinnamate', '[+/- Mica', 'Titanium Dioxide (Ci 77891)', 'Iron Oxides (Ci 77491)', 'Iron Oxides (Ci 77492)', 'Iron Oxides (Ci 77499)', 'Copper Powder (Ci 77400)', 'Manganese Violet (Ci 77742)', 'Yellow 5 Lake (Ci 19140)', 'Chromium Oxide Greens (Ci 77288)', 'Chromium Hydroxide Green (Ci 77289)', 'Carmine (Ci 75470)', 'Bismuth Oxychloride (Ci 77163)', 'Aluminum Powder (Ci 77000)', 'Bronze Powder (Ci 77400)', 'Blue 1 Lake (Ci 42090)', 'Ferric Ammonium Ferrocyanide (Ci 77510)', 'Ferric Ferrocyanide (Ci 77510)', 'Ultramarines (Ci 77007)]']"
0906cd58-66f7-47f0-9d0c-46aaa4384f85,Brightening Dark Spot Vitamin C Serum,Hyper Skin,Face Serums,https://www.sephora.com/productimages/sku/s2529642-main-zoom.jpg?imwidth=465,https://www.sephora.com/product/hyper-skin-brightening-dark-spot-vitamin-c-serum-P476428,"['Water (Aqua)', '3-0-Ethyl Ascorbic Acid (Vitamin C)', 'Kojic Acid', 'Aloe Barbadensis Leaf Juice', 'Arctostaphylos Uva-Ursi Leaf Extract', 'Biotin', 'Camellia Oleifera Leaf Extract', 'Citric Acid', 'Corallina Officinalis Extract', 'Curcuma Longa (Turmeric) Root Extract', 'Ethylhexylglycerin', 'Glycerin', 'Glycyrrhiza Glabra (Licorice) Root Extract', 'Hyaluronic Acid', 'Hydroxyethylcellulose', 'Lactobacillus/Papaya Fruit Ferment Extract', 'Lecithin', 'Maltodextrin', 'Melia Azadirachta Flower Extract', 'Melia Azadirachta Leaf Extract', 'Ocimum Basilicum (Basil) Flower Leaf Extract', 'Ocimum Sanctum Leaf Extract', 'Phenoxyethanol', 'Phyllanthus Emblica Fruit Extract', 'Potassium Sorbate', 'Pullulan', 'Pyrus Malus (Apple) Fruit Extract', 'Saccharomyces/Xylinum/Black Tea Ferment', 'Salicylic Acid', 'Sclerotium Gum', 'Silica', 'Sodium Benzoate', 'Sodium Citrate', 'Tetrasodium Edta', 'Tocopherol', 'Xanthan Gum']"
0e2f3fac-c7c6-40b0-9c34-205d32afcc31,Glow and Sculpt Face Serum Primer with Niacinamide,REFY,Face Primer,https://www.sephora.com/productimages/sku/s2600617-main-zoom.jpg?imwidth=465,https://www.sephora.com/product/glow-sculpt-face-primer-P500449,"['Aqua/Water/Eau', 'Glycerin', 'Butylene Glycol', 'Glycereth-26', '1', '2-Hexanediol', 'Niacinamide', 'Camellia Sinensis Seed Oil', 'Methylpropanediol', 'Panthenol', 'Chlorella Vulgaris Extract', 'Glucose', 'Acrylates/C10-30 Alkyl Acrylate Crosspolymer', 'Fructooligosaccharides', 'Fructose', 'Hydrogenated Lecithin', 'Sodium Polyacryloyldimethyl Taurate', 'Yeast Ferment Extract', 'Tromethamine', 'Dipotassium Glycyrrhizate', 'Ethylhexylglycerin', 'Sodium Phytate', 'Candida Bombicola/Glucose/Methyl Rapeseedate Ferment', 'Tocopherol']"
a4bd8c24-01d9-4d86-9470-fe7b58f0696c,All Hours Creaseless Precise Angles Concealer,Yves Saint Laurent,Concealer,https://www.sephora.com/productimages/sku/s2695484-main-zoom.jpg?imwidth=465,https://www.sephora.com/product/all-hours-concealer-P507812,"['Aqua / Water / Eau', 'Dimethicone', 'Isododecane', 'Glycerin', 'Peg-9 Polydimethylsiloxyethyl Dimethicone', 'Propylene Glycol', 'Disteardimonium Hectorite', 'Silica', 'Dimethicone Crosspolymer', 'Peg-10 Dimethicone', 'Cetyl Peg/Ppg-10/1 Dimethicone', 'Sodium Chloride', 'Phenoxyethanol', 'Polyglyceryl-4 Isostearate', 'Caprylyl Glycol', 'Disodium Stearoyl Glutamate', 'Ethylhexylglycerin', 'Caffeine', 'Coffea Arabica Seed Oil / Coffee Seed Oil', 'Aluminum Hydroxide', 'Steareth-20', 'Jasminum Officinale Flower Extract / Jasmine Flower Extract', 'Chlorhexidine Digluconate', 'N-Hydroxysuccinimide', 'Tocopherol', 'Sodium Citrate', 'Potassium Sorbate', 'Palmitoyl Tripeptide-1', 'Chrysin', 'Pentaerythrityl Tetra-Di-T-Butyl Hydroxyhydrocinnamate', 'Palmitoyl Tetrapeptide-7', 'Citric Acid', 'Biotin', '[+/- May Contain: Ci 77891 / Titanium Dioxide', 'Ci 77491', 'Ci 77492', 'Ci 77499 / Iron Oxides]']"
93414074-d7ec-4539-a249-1473055ffe71,St. Barts Cleansing Scalp & Body Sugar Scrub,OUAI,Shampoo,https://www.sephora.com/productimages/sku/s2464592-main-zoom.jpg?imwidth=465,https://www.sephora.com/product/ouai-haircare-st-barts-scalp-body-scrub-P472330,"['Sucrose', 'Water/Aqua/Eau', 'Sodium Lauroyl Methyl Isethionate', 'Glycerin', 'Cocamide Mea', 'Propanediol', 'Peg-100 Stearate', 'Glyceryl Stearate', 'Silica', 'Sodium Lauroamphoacetate', 'Prunus Amygdalus Dulcis (Sweet Almond) Oil', 'C12-15 Alkyl Benzoate', 'Cocos Nucifera (Coconut) Oil', 'Menthyl Lactate', 'Epilobium Angustifolium Flower/Leaf/Stem Extract', 'Hydrolyzed Hibiscus Esculentus Extract', 'Apium Graveolens (Celery) Seed Extract', 'Panthenol', 'Aloe Barbadensis Leaf Juice', 'Caprylyl Glycol', 'Caprylic/Capric Triglyceride', 'Peg-150 Distearate', 'Cocamide Mipa', 'Trisodium Ethylenediamine Disuccinate', 'Lactobacillus Ferment Lysate', 'Bht', 'Leuconostoc/Radish Root Ferment Filtrate', 'Phenoxyethanol', 'Citric Acid', 'Sodium Benzoate', 'Benzoic Acid', 'Sodium Metabisulfite', 'Sodium Hydroxide', 'Potassium Sorbate', 'Fragrance/Parfum', 'Benzyl Salicylate', 'Coumarin', 'Hydroxycitronellal', 'Limonene', 'Linalool']"
fa6364e8-3321-4b7f-9bb6-a3cce452396e,Good Girl Blush Elixir,Carolina Herrera,Perfume,https://www.sephora.com/productimages/sku/s2747384-main-zoom.jpg?imwidth=465,https://www.sephora.com/product/carolina-herrera-good-girl-blush-elixir-P510131,"['Parfum (Fragrance)', 'Aqua (Water)', 'Benzyl Salicylate', 'Coumarin', 'Linalool', 'Hydroxycitronellal', 'Butyl Methoxydibenzoylmethane', 'Limonene', 'Citronellol', 'Geraniol', 'Benzyl Benzoate', 'Benzyl Cinnamate', 'Alcohol', 'Citral', 'Tris(Tetramethylhydroxypiperidinol) Citrate', 'Benzyl Alcohol', 'Ci 60730 (ext']"
58e4063f-f02d-4e9a-a47e-2fcbc708d01a,24/7 Glide-On Waterproof Eyeliner Pencil Space Cowboy,Urban Decay,Eyeliner,https://www.sephora.com/productimages/sku/s2814713-main-zoom.jpg?imwidth=465,https://www.sephora.com/product/urban-decay-24-7-glide-on-waterproof-eyeliner-pencil-space-cowboy-P513972,"['-Vitamin E-Jojoba Oil -Cottonseed Oil 1 77499 / Iron Oxides', 'Hydrogenated Polyisobutene', 'Trimethylsiloxysilicate', 'Isododecane', 'Synthetic Wax', 'Polybutene', 'Ci 77510 / Ferric Ammonium Ferrocyanide', 'Mica', 'Silica', 'Ethylene/Propylene Copolymer', 'Pentaerythrityl Tetra-Di-T-Butyl Hydroxyhydrocinnamate', 'Copernicia Cerifera Cera / Carnauba Wax / Cire De Carnauba', 'Disteardimonium Hectorite', 'Propylene Carbonate (N70010820/1)']"
2ae3db7c-9497-4c31-a7a4-4f8651030bd5,PRO Highlight Brush #90,SEPHORA COLLECTION,Face Brushes,https://www.sephora.com/productimages/sku/s2596450-main-zoom.jpg?imwidth=465,https://www.sephora.com/product/sephora-collection-sc-pro-highlight-brush-90-P503739,[]
51491068-e716-4810-bbb7-0176d86ad54b,Honey Glow 17% AHA + BHA Resurfacing Acid Serum,Farmacy,Face Serums,https://www.sephora.com/productimages/sku/s2733723-main-zoom.jpg?imwidth=465,https://www.sephora.com/product/farmacy-honey-glow-17-aha-bha-resurfacing-acid-serum-P509477,"['Water/Aqua/Eau', 'Glycolic Acid', 'Vitis Vinifera (Grape) Seed Oil', 'Propanediol', 'Saccharomyces Ferment*', 'Lactic Acid*', 'C13-15 Alkane', 'Arginine', 'Inositol', 'Potassium Hydroxide', 'Carthamus Tinctorius (Safflower) Oleosomes', 'Isopentyldiol', 'Cetearyl Alcohol', 'Opuntia Ficus-Indica Stem Extract', 'Squalane', 'Salix Alba (Willow) Bark Extract*', 'Vitis Vinifera (Grape) Fruit Extract*', 'Honey Extract/Extrait De Miel', 'Hyaluronic Acid', 'Propolis Extract', 'Royal Jelly Extract', 'Glycerin', 'Ubiquinone', 'Tocopherol', 'Helianthus Annuus (Sunflower) Seed Oil', 'Jojoba Esters', 'Lecithin', 'Gluconolactone', 'Coco-Glucoside', 'Sodium Phytate', 'Maltodextrin', 'Potassium Sorbate', 'Sodium Polyacryloyldimethyl Taurate', 'Sclerotium Gum', 'Sodium Benzoate']"
81922eef-d937-41b1-81e9-644fb76fd506,Potentialiste Hydrating & Soothing Scalp Serum,K&#233;rastase,Scalp Treatments,https://www.sephora.com/productimages/sku/s2501237-main-zoom.jpg?imwidth=465,https://www.sephora.com/product/kerastase-potentialiste-hydrating-soothing-scalp-serum-P479496,"['Bifida Ferment Lysate', 'Ascorbyl Glucoside', 'Aminomethyl Propanol', 'Peg-40 Hydrogenated Castor Oil', 'Carbomer', 'Mannose', 'Polysorbate 21', 'Alpha-Glucan Oligosaccharide', 'Phenoxyethanol', 'Glycerin', 'Pentylene Glycol', 'Polymnia Sonchifolia Root Juice', 'Faex Extract/Yeast Extract/Extrait De Levure', 'Sodium Benzoate', 'Maltodextrin', 'Limonene', 'Geraniol', 'Hexyl Cinnamal', 'Benzyl Benzoate', 'Benzyl Alcohol', 'Lactobacillus', 'Linalool', 'Citral', 'Parfum/Fragrance']"
c52c8b80-cb66-4103-8267-fd763c5cdc8f,barrier+ Triple Lipid Brightening Eye Cream,Skinfix,Eye Creams & Treatments,https://www.sephora.com/productimages/sku/s2639904-main-zoom.jpg?imwidth=465,https://www.sephora.com/product/skinfix-triple-lipid-eye-lift-P505049,"['Water/Aqua/Eau', 'Caprylyl Caprylate/Caprate', 'Jojoba Oil/Macadamia Seed Oil Esters', 'Propanediol', 'Niacinamide', 'Ammonium Acryloyldimethyltaurate/VP Copolymer', 'Hydroxyethyl Acrylate/Sodium Acryloyldimethyl Taurate Copolymer', 'Collagen Amino Acids', 'Squalane', 'Caffeine', 'Squalene', 'Macadamia Integrifolia Seed Oil', 'Asparagopsis Armata Extract', 'Hydrogenated Starch Hydrolysate', 'Phytosteryl Macadamiate', 'Acetyl Glucosamine', 'Acetyl Glutamine', 'Lecithin', 'Phospholipids', 'Leuconostoc/Radish Root Ferment Filtrate', 'Polyglutamic Acid', 'Phytosterols', 'Ascophyllum Nodosum Extract', 'Ceramide NP', 'Bacillus/Soybean Ferment Extract', 'Oligopeptide-3', 'Oligopeptide-2', 'Oligopeptide-1', 'Hexapeptide-11', 'Tocopheryl Acetate', 'Sodium Hyaluronate', 'Folic Acid', 'Amylopectin', 'Tocopherol', 'Phytosphingosine', 'Ceramide AP', 'Cholesterol', 'Lithothamnion Calcareum Extract', 'Lactic Acid', 'Myrica Cerifera (Bayberry) Fruit Extract', 'Hydroxyacetophenone', 'Prunus Lannesiana Flower Extract', 'Akebia Quinata Stem Extract', 'Saccharomyces Lysate', 'Lactobacillus Ferment Lysate', 'Ceramide EOP', 'Tripeptide-1', 'Caprylyl Glycol', 'Polysorbate 60', 'Glycerin', 'Ethylhexylglycerin', 'Hexylene Glycol', 'Sodium Lauroyl Lactylate', 'Sorbitan Isostearate', 'Trisodium Ethylenediamine Disuccinate', 'Butylene Glycol', 'Pentylene Glycol', 'Xanthan Gum', 'Carbomer', 'Sodium Benzoate', 'Potassium Sorbate', '1', '2-Hexanediol', 'Dextran', 'Phenoxyethanol']"
5dc91e89-751e-4612-b18d-dec614ef0931,RROSE Eau de Parfum,Ellis Brooklyn,Perfume,https://www.sephora.com/productimages/sku/s2044014-main-zoom.jpg?imwidth=465,https://www.sephora.com/product/rrose-eau-de-parfum-P412046,"[')', 'Fragrance', 'Water', 'Benzyl Salicylate', 'Citronellol', 'Geraniol', 'Alpha-isomethyl Ionone', 'Linalool', 'Limonene', 'Citral', 'Benzyl Alcohol', 'Benzyl Benzoate', 'Isoeugenol', 'Ci 14700 (Red 4)', 'Ci 60730 (Ext']"
637cd01f-6571-4bcc-bf44-bae7177491b0,African Rooibos Eau de Parfum,World of Chris Collins,Cologne,https://www.sephora.com/productimages/sku/s2777126-main-zoom.jpg?imwidth=465,https://www.sephora.com/product/chris-collins-african-rooibos-eau-de-parfum-P511083,"['Fragrance (Parfum)', 'Aqua/Water', 'Limonene', 'Coumarin', 'Linalool', 'Citronellol', 'Citral', 'Isoeugenol', 'BHT', 'Geraniol', 'Eugenol', 'Farnesol', 'Benzyl Alcohol']"
e5574453-c680-44b7-8d15-99bf377af71f,"High Shine, Glossy Shampoo for Dry, Dull Hair",Verb,Shampoo,https://www.sephora.com/productimages/sku/s2781060-main-zoom.jpg?imwidth=465,https://www.sephora.com/product/verb-hair-care-glossy-shampoo-P484082,"['Glycerin', 'Aqua/Water/Eau', 'Sodium Lauroyl Methyl Isethionate', 'Lauryl Betaine', 'Sorbitol', 'PEG-7 Glyceryl Cocoate', 'Sodium Methyl Isethionate', 'Rosa Canina Fruit Oil', 'Hydrogenated Castor Oil/Sebacic Acid Copolymer', 'Prunus Persica (Peach) Kernel Oil', 'Tocopheryl Acetate', 'Phytic Acid', 'Squalane', 'Lactic Acid', 'Lauric Acid', 'Mannitol', 'Cellulose', 'Trideceth-12', 'Sodium Chloride', 'Amodimethicone', 'PEG-12 Dimethicone', 'Panthenol', 'Sodium Laurate', 'Guar Hydroxypropyltrimonium Chloride', 'Polyquaternium-10', 'Hydroxyethylcellulose', 'PEG-12 Allyl Ether', 'Ethylhexylglycerin', 'Cetrimonium Chloride', 'Sodium Acetate', 'Calcium Gluconate', 'Parfum/Fragrance', 'Isopropyl Alcohol', 'Gluconolactone', 'Sodium Benzoate', 'Phenoxyethanol', 'Hydroxycitronellal', 'Limonene']"
e081ca84-3ea2-44c7-9a8f-abc8baaab533,Bom Dia Bright&#8482; Clarifying AHA BHA Body Wash,Sol de Janeiro,Body Wash & Shower Gel,https://www.sephora.com/productimages/sku/s2596419-main-zoom.jpg?imwidth=465,https://www.sephora.com/product/bom-dia-bright-tm-clarifying-aha-bha-body-wash-P501775,"['Aqua (Water', 'Eau)', 'Sodium Cocoyl Isethionate', 'Glycerin', 'Sodium C14-16 Olefin Sulfonate', 'Cocamide MIPA', 'Cocamidopropyl Betaine', 'Parfum (Fragrance)', 'Salicylic Acid', 'Lactic Acid', 'Salix Alba Bark Extract', 'Carica Papaya Fruit Extract', 'Musa Sapientum (Banana) Pulp Extract', 'Mangifera Indica (Mango) Pulp Extract', 'Spondias Mombin (Caj&#225;) Pulp Extract', 'Corallina Officinalis Extract', 'Melia Azadirachta Leaf Extract', 'Melia Azadirachta Flower Extract', 'Coccina Indica Fruit Extract', 'Solanum Melongena Fruit Extract', 'Aloe Barbadensis Flower Extract', 'Ocimium Sanctum Leaf Extract', 'Curcuma Longa Root Extract', 'Coconut Acid', 'Sodium Isethionate', 'Sodium Chloride', 'Sodium Hydroxide', 'Dehydroacetic Acid', 'Ethylene Brassylate', 'Potassium Sorbate', 'Benzyl Alcohol', 'Phenoxyethanol']"
efb89697-365e-41a2-9e59-d2bf5a7f7edb,Go-Clutch Refillable Radiant Setting Powder,Valentino,Setting Spray & Powder,https://www.sephora.com/productimages/sku/s2542876-main-zoom.jpg?imwidth=465,https://www.sephora.com/product/valentino-go-clutch-refillable-compact-finishing-powder-P479480,"['Synthetic Fluorphlogopite', 'Mica', 'Dimethicone', 'Ci 77491', 'Ci 77492', 'Ci 77499/Iron Oxides', 'C12-15 Alkyl Benzoate', 'Talc', 'Hydrogenated Polyisobutene', 'Ci 77891/Titanium Dioxide', 'Boron Nitride', 'Calcium Aluminum Borosilicate', 'Magnesium Stearate', 'Silica', 'Parfum/Fragrance', 'Hydrogenated Styrene/Butadiene Copolymer', 'Caprylyl Glycol', 'Magnesium Silicate', 'Sorbitan Isostearate', 'Isododecane', 'Methicone', 'Linalool', 'Limonene', 'Citronellol', 'Benzyl Alcohol', 'Citrus Aurantium Bergamia Fruit Oil/Bergamot Fruit Oil', 'Tin Oxide', 'Geraniol', 'Citral', 'Tris-Bht Mesitylene', 'Tocophero']"
3bdeca85-4526-4cb4-962c-6c2afd7a3058,Good Behavior Spirulina Protein Anti-Frizz Smoothing  Balm,IGK,Hair Styling Products,https://www.sephora.com/productimages/sku/s2437200-main-zoom.jpg?imwidth=465,https://www.sephora.com/product/igk-good-behavior-spirulina-protein-anti-frizz-smoothing-balm-P468150,"['Aqua/Water/Eau', 'Cetearyl Alcohol', 'Propylene Glycol', 'Isodecyl Neopentanoate', 'PEG-150/Decyl Alcohol/SMDI Copolymer', 'Spirulina Maxima Extract', 'Butyrospermum Parkii (Shea) Butter', 'Sclerocarya Birrea Seed Oil', 'Hydrolyzed Corn Protein', 'Hydrolyzed Soy Protein', 'Hydroxyethyl Cetearamidopropyldimonium Chloride', 'Behenyl Alcohol', 'Steareth-2', 'Polyquaternium-55', 'Steareth-20', 'Disodium EDTA', 'Ethylhexylglycerin', 'Butylene Glycol', 'Stearamidopropyl Dimethylamine', 'Hydrolyzed Wheat Protein', 'Tocopheryl Acetate', 'Phenoxyethanol', 'Sodium Hydroxide', 'Fragrance (Parfum)']"
9c7ab54e-0508-4a7b-ab18-2d971c6478a1,Madie Perfume Oil,By Rosie Jane,Perfume,https://www.sephora.com/productimages/sku/s2359859-main-zoom.jpg?imwidth=465,https://www.sephora.com/product/by-rosie-jane-madie-oil-P457889,"['Caprylic / Capric Triglycerides (Sustainably Sourced)', 'Amyl Cinnamal', 'Benzyl Acetate', 'Citronellol', 'Ethylene Brassylate', 'Geraniol', 'Hexyl Cinnamal', 'Benzyl Salicylate', 'Camphor', 'Dipropylene Glycol', 'Ethyl 2', '2-Dimethyhydrocinnamal (Ozone Propanal)', 'Eugenia Caryophyllus (Clove) Oil', 'Geranyl Acetate', 'Hydroxycitronellal', 'Isopropyl Myristate', 'Lavandula Oil', 'Linalool', 'Linalyl Acetate', 'Methyl Anthranilate', 'Methyl Dihydroxy-Dimethybenzoate (Atraric Acid/Veramoss)', 'Methylbenzodixepinone', 'Methylcyclopentadecenone (Delta-Muscenone)', 'Methylenedioxyphenyl Methylpropanal (Ocean Propanal)', 'Phenethyl Alcohol', 'Terpineol Alpha', 'Tetrahydro-Methylpropyl)-Pyran-4-Ol']"
5bfabe0f-2120-4088-b23d-7b639f8be566,Crème to Powder Skin Foundation,Fashion Fair,Foundation,https://www.sephora.com/productimages/sku/s2712677-main-zoom.jpg?imwidth=465,https://www.sephora.com/product/fashion-fair-creme-to-powder-skin-foundation-P476444,"['Diethylene Glycol Diethylhexanoate/Diisononanoate', 'Isostearyl Neopentanoate', 'Neopentyl Glycol Dicaprylate/Dicaprate', 'Tridecyl Stearate', 'Silica', 'Cellulose', 'Boron Nitride', 'Mica', 'Polyethylene', 'Kaolin', 'Bambusa Arundinacea Stem Powder', 'Ethylhexyl Isononanoate', 'Cera Carnauba/Copernicia Cerifera (Carnauba) Wax/Cire De Carnauba', 'Tetrahexyldecyl Ascorbate', 'Tridecyl Trimellitate', 'Hexylresorcinol', 'Isopropyl Titanium Triisostearate', 'Glycine Soja (Soybean)Oil', 'Glycerin', 'Curcuma Longa (Turmeric) Root Powder', 'Camellia Sinensis Leaf Extract']"
3510bc40-fe79-4068-aced-d1b6201cd021,L’Homme Parfum Intense,Yves Saint Laurent,Cologne,https://www.sephora.com/productimages/sku/s1569490-main-zoom.jpg?imwidth=465,https://www.sephora.com/product/l-homme-parfum-intense-P383083,"['Alcohol', 'Aqua / Water', 'Parfum / Fragrance', 'Benzyl Salicylate', 'Butyl Methoxydibenzoylmethane', 'Ethylhexyl Methoxycinnamate', 'Coumarin', 'Limonene', 'Benzyl Alcohol', 'Linalool', 'Alpha-Isomethyl Ionone', 'Geraniol', 'Methyl Anthranilate', 'Citral', 'Citronellol', 'Cinnamal', 'Ci 19140 / Yellow 5', 'Ci 14700 / Red 4', 'Ci 60730 / Ext']"
450a8f4b-a682-43f9-a4fe-c77a19a3b1d2,Vitamino Color Care Hair Mask,L'Oréal Professionnel,Hair Masks,https://www.sephora.com/productimages/sku/s2717437-main-zoom.jpg?imwidth=465,https://www.sephora.com/product/vitamino-color-care-hair-mask-P507514,"['Aqua/Water/Eau', 'Hydroxypropyl Starch Phosphate', 'Quaternium-87', 'Stearyl Alcohol', 'Behentrimonium Chloride', 'Propylene Glycol', 'Amodimethicone', 'Phenoxyethanol', 'Isopropyl Alcohol', 'Candelilla Cera/Candelilla Wax/Cire De Candelilla', 'Methylparaben', 'Trideceth-5', 'Glycerin', 'Trideceth-10', 'Linalool', 'Chlorhexidine Dihydrochloride', '2-Oleamido-1', '3-Octadecanediol', 'Resveratrol', 'Acetic Acid', 'Ci 17200/Red 33', 'Ci 19140/Yellow 5', 'Parfum/Fragrance']"
48603d4e-82f2-4cd0-b68f-89e5a7a2f60a,Resurfacing Body Lotion with AHA + PHA ,SEPHORA COLLECTION,Body Lotions & Body Oils,https://www.sephora.com/productimages/sku/s2693455-main-zoom.jpg?imwidth=465,https://www.sephora.com/product/resurfacing-body-lotion-P512747,"['Aqua (Water)', 'Gluconolactone', 'Caprylic/Capric Triglyceride', 'Glycerin', 'Octyldodecanol', 'C10-18 Triglycerides', 'C15-19 Alkane', 'Sodium Hydroxide', 'Lactic Acid', 'Cetearyl Alcohol', 'Hydroxyethyl Acrylate/Sodium Acryloyldimethyl Taurate Copolymer', 'Parfum (Fragrance)', 'Sorbitan Caprylate', 'Polyglyceryl-2 Stearate', 'Citric Acid', 'Sodium Gluconate', 'Polyacrylate Crosspolymer-6', 'Glyceryl Stearate', 'Microcrystalline Cellulose', 'Stearyl Alcohol', 'Propanediol', 'Benzoic Acid', 'Sphingomonas Ferment Extract', 'Sodium Hyaluronate', 'Polysorbate 60', 'Sorbitan Isostearate']"
9bddd2f8-a225-4332-82f1-a6948f1277b6,Curl Boss Frizz Fighting and Curl Defining Shampoo,BondiBoost,Shampoo,https://www.sephora.com/productimages/sku/s2499341-main-zoom.jpg?imwidth=465,https://www.sephora.com/product/bondi-boost-frizz-fighting-curl-defining-shampoo-P475072,"['Aqua', 'Aloe Barbadensis Leaf Juice*', 'Sodium Methyl Cocoyl Taurate', 'Cocamidopropyl Betaine', 'Sodium Chloride', 'Decyl Glucoside', 'Coco-Glucoside', 'Glyceryl Oleate', 'Coconut Acid', 'Parfum', 'Propanediol', 'Pentylene Glycol', 'Caprylyl Glycol', 'Potassium Sorbate', 'Olea Europaea Fruit Oil*', 'Chenopodium Quinoa Seed', 'Ethylhexylglycerin', 'Polyquaternium-10', 'Sodium Benzoate', 'Hydrolyzed Jojoba Esters', 'Helianthus Annuus Seed Oil*', 'Cocamidopropyl Dimethylamine', 'Hippophae Rhamnoides Kernel Extract*', '4-Tert-Butylcyclohexyl Acetate', 'Hexyl Salicylate', 'Glycerin', 'Jojoba Esters', 'Linum Usitatissimum Seed Oil*', 'Macadamia Integrifolia Seed Oil*', 'Squalane', 'Helianthus Annuus Hybrid Oil', 'Rosmarinus Officinalis Leaf Oil*', 'Sodium Acetate', 'Equisetum Arvense Extract', 'Isopropyl Alcohol', 'Tetrasodium EDTA', 'Chamomilla Recutita Flower Extract', 'Urtica Dioica Leaf Extract', 'Citric Acid', 'Alcohol Denat']"
c855c1b0-78c3-43b9-a1ca-b8fc0d2d5f38,Ultimate Reset Serum for Damaged Hair,shu uemura,Scalp Treatments,https://www.sephora.com/productimages/sku/s2107431-main-zoom.jpg?imwidth=465,https://www.sephora.com/product/ultimate-reset-serum-P442287,"['Cyclopentasiloxane', 'Aqua/Water', 'Dimethiconol', 'Dimethicone', 'Cetearyl Alcohol', 'Cera Alba', 'Beeswax', 'Phenyl Trimethicone', 'Amodimethicone', 'Polyquaternium-37', 'Vinylamine/Vinylformamide', 'Copolymer', 'Phenoxyethanol', 'Trideceth-5', 'Propylene Glycol Dicaprylate/Dicaprate', 'Steareth-20', 'Cetyl Hydroxyethylcellulose', 'Glycerin', 'Peg-30 Glyceryl Stearate', 'Copernicia', 'Cerifera Cera', 'Carnauba Wax', 'Hydrogenated Styrene', 'Butadiene Copolymer', 'Trideceth-10', 'Ppg-1 Trideceth-6', 'Alcohol Denat', 'Mica', 'Chlorhexidine Digluconate', 'Benzyl Alcohol', 'Benzyl Salicylate', 'Ci 77891', 'Titanium Dioxide', 'Linalool', 'Limonene', '2-Oleamido-1', '3-Octadecanediol', 'Safflower Glucoside', 'Acetic Acid', 'Hydroxycitronellal', 'Isoeugenol', 'Caramel', 'Ci 77491', 'Iron Oxides', 'Butylene', 'Glycol', 'Benzyl Benzoate', 'Hydrolyzed Rice Extract', 'Tocopherol', 'Bht', 'Sodium Citrate', 'Parfum/Fragrance']"
94371053-137f-4dfe-bee5-3393a287b717,Voce Viva Eau de Parfum,Valentino,Perfume,https://www.sephora.com/productimages/sku/s2370419-main-zoom.jpg?imwidth=465,https://www.sephora.com/product/valentino-voce-viva-eau-de-parfum-P462409,"['Aqua / Water', 'Benzyl Salicylate', 'Benzyl Alcohol', 'Hydroxycitronellal', 'Linalool', 'Butyl Methoxydibenzoylmethane', 'Limonene', 'Ethylhexyl Salicylate', 'Geraniol', 'Citronellol', 'Methyl Anthranilate', 'Coumarin', 'Citral', 'Tris(Tetramethylhydroxypiperidinol ) Citrate', 'Farnesol', 'Isoeugenol', 'Benzyl Benzoate', 'Ci 14700 / Red 4', 'Ci 19140 / Yellow 5']"
3b61a2f5-36ca-4b9c-a4ec-12705403dc00,Eyes To Mesmerize Cream Eyeshadow,Charlotte Tilbury,Eyeshadow,https://www.sephora.com/productimages/sku/s2458917-main-zoom.jpg?imwidth=465,https://www.sephora.com/product/eyes-to-mesmerize-cream-eyeshadow-P434101,"['Cyclopentasiloxane', 'Water', 'Diphenylsiloxy Phenyl Trimethicone', 'Cetyl Peg/Ppg-10/1 Dimethicone', 'Hdi/Trimethylol Hexyllactone Crosspolymer', 'Hydrogenated Palm Kernel Glycerides', 'Sodium Chloride', 'Dimethicone/Phenyl Vinyl Dimethicone Crosspolymer', 'Sorbitan Stearate', 'Disteardimonium Hectorite', 'Hydrogenated Palm Glycerides', 'Silica Dimethyl Silylate', 'Ethylhexylglycerin', 'Lauryl Methacrylate/Glycol Dimethacrylate Crosspolymer', 'Ceresin', 'Propylene Carbonate', 'Potassium Sorbate', 'Polyacrylamide', 'Glycerin', 'Sodium   Dehydroacetate', 'Dimethicone/Vinyl Dimethicone Crosspolymer', 'C13-14 Isoparaffin', 'Silica', 'Laureth-7', 'Tocopherol', 'Ascorbyl Palmitate', 'Pentaerythrityl Tetra-Di-T-Butyl Hydroxyhydrocinnamate', 'Tin Oxide', '[May Contain/Peut Contenir (+/-): Mica (Ci 77019)', 'Titanium Dioxide (Ci 77891)', 'Iron Oxides (Ci 77491', 'Ci 77492', 'Ci77499)', 'Blue 1 Lake (Ci 42090)', 'Yellow 5 Lake (Ci 19140)', 'Carmine (Ci 75470)', 'Aluminium Powder (Ci 77000)', 'Ultramarines (Ci 77007)', 'Chromium Hydroxide Green (Ci 77289)', 'Chromium Oxide Greens (Ci 77288)', 'Manganese Violet (Ci 77742)', 'Bismuth Oxychloride (Ci 77163)', 'Ferric Ammonium Ferrcyanide (Ci 77510)', 'Ferric Ferrocyanide (Ci 77510)]']"
1a754bd9-2f5c-414b-bae0-95f9589244a7,Find Comfort Gentle Exfoliating Konjac Jelly Body Wash,Rare Beauty by Selena Gomez,Body Wash & Shower Gel,https://www.sephora.com/productimages/sku/s2748283-main-zoom.jpg?imwidth=465,https://www.sephora.com/product/rare-beauty-by-selena-gomez-find-comfort-gentle-exfoliating-body-wash-P511694,"['Water (Aqua/Eau)', 'Sodium C14-16 Olefin Sulfonate', 'Acrylates Copolymer', 'Polyglyceryl-4 Caprate', 'Glycerin', 'Disodium Cocoamphodiacetate', 'Coco-Betaine', 'Fragrance (Parfum)', 'Polyglyceryl-6 Caprylate', 'Amorphophallus Konjac Root Powder', 'Decyl Glucoside', 'Alcohol', 'Sodium Chloride', 'Saccharide Isomerate', 'Hexylene Glycol', 'Sodium Benzoate', 'Sodium Methyl Cocoyl Taurate', 'Caprylyl Glycol', 'Potassium Sorbate', 'Sodium Phytate', 'Tromethamine', 'Citric Acid', 'Sodium Citrate', 'Butylene Glycol', 'Squalane', 'Prunus Persica (Peach) Flower Extract', 'Persea Gratissima (Avocado) Oil', 'Withania Somnifera Root Extract', 'Hydrogenated Vegetable Oil', 'Raphanus Sativus (Radish) Seed Extract', 'Phospholipids', 'Gluconolactone', 'Tocopheryl Acetate', 'Benzyl Alcohol', 'Limonene']"
26d494c6-9418-4663-b96b-18461ea5d19a,Sunkissed Goddess,KILIAN Paris,Perfume,https://www.sephora.com/productimages/sku/s2764173-main-zoom.jpg?imwidth=465,https://www.sephora.com/product/kilian-sunkissed-goddess-P510807,"['Water/Aqua/Eau', 'Fragrance (Parfum)', 'Benzyl Salicylate', 'Linalool', 'Limonene', 'Hydroxycitronellal', 'Citronellol', 'Alpha-Isomethyl Ionone', 'Citral', 'Geraniol', 'Benzyl Benzoate', 'Amyl Cinnamal', 'Benzyl Alcohol', 'Farnesol', 'Isoeugenol', 'BHT', 'Tocopherol']"
70ca64e7-3b68-4f1a-8f3d-a330e9d7bf22,Press Agent Smoothing Sulfate-Free Conditioner,Mizani,Conditioner,https://www.sephora.com/productimages/sku/s2498525-main-zoom.jpg?imwidth=465,https://www.sephora.com/product/mizani-press-agent-thermal-smoothing-sulfate-free-conditioner-P474350,"['Aqua / Water / Eau', 'Cetearyl Alcohol', 'Dimethicone', 'Glycerin', 'Behentrimonium Chloride', 'Amodimethicone', 'Cetrimonium Chloride', 'Parfum / Fragrance', 'Phenoxyethanol', 'Isopropyl Alcohol', 'Limonene', 'Argania Spinosa Kernel Oil', 'Ethylhexyl Salicylate', 'Lactic Acid', 'Agave Tequilana Leaf Extract']"
dd35276e-f071-4c4d-ac33-d9d0d3faea71,Blended Face Powder,CLINIQUE,Setting Spray & Powder,https://www.sephora.com/productimages/sku/s51532-main-zoom.jpg?imwidth=465,https://www.sephora.com/product/blended-face-powder-brush-P122668,"['Talc', 'Zinc Stearate', 'Magnesium Carbonate', 'Kaolin', 'Squalane', 'Isopropyl Myristate', 'Tetrasodium Edta', 'Potassium Sorbate', 'Chlorphenesin', '[+/- Titanium Dioxide (Ci 77891)', 'Mica', 'Iron Oxides (Ci 77491', 'Ci 77492', 'Ci 77499)', 'Bismuth Oxychloride (Ci 77163)', 'Ultramarines (Ci 77007)', 'Manganese Violet (Ci 77742)', 'Carmine (Ci 75470)', 'Ferric Ferrocyanide (Ci 77510)]']"
d602d783-7eef-4621-9363-f65521301332,"Ultra Hydrating Turmeric Shampoo for Dry, Itchy Scalp",SHAZ & KIKS,Shampoo,https://www.sephora.com/productimages/sku/s2770824-main-zoom.jpg?imwidth=465,https://www.sephora.com/product/shaz-kiks-ultra-hydrating-turmeric-shampoo-for-dry-itchy-scalp-P511695,"['Glycerin', 'Sodium Methyl Cocoyl Taurate', 'Curcuma Longa Root Extract', 'Aqua', 'Sodium Cocoyl Isethionate', 'Polyquaternium-7', 'Coconut Acid', 'Ceteareth-60 Myristyl Glycol', 'Sodium Isethionate', 'Garcinia Indica Seed Butter (Kokum Butter)', 'Cannabis Sativa Seed Oil (Hemp Seed Oil)', 'Citrus Nobilis Oil', 'Amyris Balsamifera Bark Oil', 'Melaleuca Alternifolia Leaf Oil', 'Salvia Sclarea Oil', 'Helianthus Annuus Seed Oil', 'Cinnamomum Camphora Bark Oil', 'Pogostemon Cablin Leaf Oil', 'Vetiveria Zizanoides Root Oil', 'Mentha Spicata Leaf/Stem Oil', 'Eucalyptus Globulus Leaf Oil', 'Illicium Verum Fruit Oil', 'Ascorbyl Palmitate', 'Tocopherol', 'Acacia Senegal Gum', 'Phenoxyethanol', 'Maltodextrin', 'CI 75120', 'Caprylyl Glycol']"
06f2c9c0-1c6b-48c6-b98e-2c85c6f76a5d,Healthy Scalp Serum & Hair Density Treatment with Camellia Leaf,BeautyBio,Scalp Treatments,https://www.sephora.com/productimages/sku/s2375046-main-zoom.jpg?imwidth=465,https://www.sephora.com/product/beautybio-healthy-scalp-hair-density-clarifying-serum-P463793,"['Water/Aqua/Eau', 'Glycerin', 'Pentylene Glycol', 'Epilobium Angustifolium Flower/Leaf/Stem Extract', 'Larix Europaea Wood Extract', 'Eriobotrya Japonica Leaf Extract', 'Camellia Sinensis Leaf Extract', 'Glycine', 'Ethylhexylglycerin', 'Caprylyl Glycol', 'Acrylates/C10-30 Alkyl Acrylate Crosspolymer', 'Carbomer', 'Propanediol', 'Butylene Glycol', 'Glyceryl Polyacrylate', 'Disodium Edta', 'Sodium Metabisulfite', 'Zinc Chloride', 'Phenoxyethanol']"
